Transaction_ID,Date,Branch,City,Customer_ID,Customer_Type,Gender,Age,Product,Category,Quantity,Unit_Price,Discount,Payment_Method,Customer_Rating,Cost,Sales,Profit
TXN-10001,2023-11-24 10:00:00,Branch A,New York,CUST-1758,Normal,Male,65,Bread,Groceries,6,4,0.0,Credit Card,3.2,2,24.0,12.0
TXN-10002,2023-10-07 10:00:00,Branch A,New York,CUST-1027,Member,Female,20,Laptop,Electronics,2,800,0.07,Credit Card,4.5,600,1488.0,288.0
TXN-10003,2023-10-15 12:00:00,Branch C,Chicago,CUST-1432,Member,Female,32,Plant Pot,Home & Garden,1,15,0.13,E-Wallet,3.8,5,13.05,8.05
TXN-10004,2023-06-24 13:00:00,Branch C,Chicago,CUST-1618,Member,Male,31,Organic Apples,Groceries,9,5,0.06,Cash,5.0,3,42.3,15.3
TXN-10005,2023-05-16 09:00:00,Branch A,New York,CUST-1643,Member,Female,52,T-Shirt,Clothing,7,25,0.06,Credit Card,4.1,10,164.5,94.5
TXN-10006,2023-11-13 14:00:00,Branch A,New York,CUST-1081,Normal,Male,63,Laptop,Electronics,1,800,0.0,Credit Card,4.5,600,800.0,200.0
TXN-10007,2023-04-30 10:00:00,Branch B,Los Angeles,CUST-1699,Normal,Female,35,Sneakers,Clothing,6,80,0.0,Credit Card,3.4,30,480.0,300.0
TXN-10008,2023-11-28 10:00:00,Branch B,Los Angeles,CUST-1701,Member,Male,52,Milk,Groceries,10,3,0.09,Cash,3.6,2,27.3,7.3
TXN-10009,2023-06-16 09:00:00,Branch A,New York,CUST-1965,Normal,Male,20,Plant Pot,Home & Garden,7,15,0.0,E-Wallet,3.4,5,105.0,70.0
TXN-10010,2023-10-18 20:00:00,Branch A,New York,CUST-1252,Member,Female,31,Coffee Beans,Groceries,13,15,0.1,Credit Card,4.0,8,175.5,71.5
TXN-10011,2023-10-15 17:00:00,Branch A,New York,CUST-1141,Normal,Female,65,Headphones,Electronics,7,100,0.0,Credit Card,5.0,50,700.0,350.0
TXN-10012,2023-09-18 16:00:00,Branch B,Los Angeles,CUST-1065,Member,Male,21,T-Shirt,Clothing,3,25,0.11,Credit Card,5.0,10,66.75,36.75
TXN-10013,2023-07-17 15:00:00,Branch A,New York,CUST-1273,Normal,Female,51,Bread,Groceries,13,4,0.04,E-Wallet,4.1,2,49.92,23.92
TXN-10014,2023-11-25 14:00:00,Branch C,Chicago,CUST-1736,Normal,Male,36,Office Chair,Home & Garden,8,120,0.0,Credit Card,4.4,60,960.0,480.0
TXN-10015,2023-05-15 17:00:00,Branch A,New York,CUST-1203,Member,Male,50,Laptop,Electronics,5,800,0.13,Credit Card,4.5,600,3480.0,480.0
TXN-10016,2023-03-20 14:00:00,Branch C,Chicago,CUST-1899,Member,Male,52,Tablet,Electronics,8,300,0.05,Credit Card,5.0,200,2280.0,680.0
TXN-10017,2023-06-07 12:00:00,Branch A,New York,CUST-1545,Normal,Male,33,Laptop,Electronics,2,800,0.04,Credit Card,5.0,600,1536.0,336.0
TXN-10018,2023-03-06 11:00:00,Branch A,New York,CUST-1987,Member,Female,53,Office Chair,Home & Garden,5,120,0.1,Credit Card,4.7,60,540.0,240.0
TXN-10019,2023-04-19 17:00:00,Branch C,Chicago,CUST-1253,Member,Male,63,Coffee Beans,Groceries,10,15,0.14,Credit Card,4.4,8,129.0,49.0
TXN-10020,2023-04-26 10:00:00,Branch A,New York,CUST-1234,Normal,Female,19,Milk,Groceries,3,3,0.0,Credit Card,4.3,2,9.0,3.0
TXN-10021,2023-02-04 09:00:00,Branch A,New York,CUST-1135,Member,Female,22,Smartphone,Electronics,5,600,0.12,Credit Card,3.9,400,2640.0,640.0
TXN-10022,2023-10-20 18:00:00,Branch C,Chicago,CUST-1362,Normal,Female,33,Tool Set,Home & Garden,4,85,0.0,Cash,4.3,40,340.0,180.0
TXN-10023,2023-08-05 15:00:00,Branch C,Chicago,CUST-1882,Normal,Female,64,Laptop,Electronics,1,800,0.0,Credit Card,3.7,600,800.0,200.0
TXN-10024,2023-02-25 12:00:00,Branch B,Los Angeles,CUST-1945,Normal,Male,30,Sneakers,Clothing,3,80,0.0,Cash,3.6,30,240.0,150.0
TXN-10025,2023-02-08 16:00:00,Branch A,New York,CUST-1497,Member,Male,21,Organic Apples,Groceries,15,5,0.13,Credit Card,3.8,3,65.25,20.25
TXN-10026,2023-09-04 12:00:00,Branch B,Los Angeles,CUST-1292,Normal,Female,21,Jeans,Clothing,7,50,0.0,Credit Card,3.6,20,350.0,210.0
TXN-10027,2023-08-05 20:00:00,Branch C,Chicago,CUST-1555,Member,Female,27,Jacket,Clothing,4,100,0.15,Cash,4.7,40,340.0,180.0
TXN-10028,2023-02-01 20:00:00,Branch A,New York,CUST-1161,Member,Female,21,Desk Lamp,Home & Garden,8,35,0.1,E-Wallet,5.0,15,252.0,132.0
TXN-10029,2023-01-30 17:00:00,Branch B,Los Angeles,CUST-1911,Normal,Male,29,Desk Lamp,Home & Garden,2,35,0.0,Cash,3.5,15,70.0,40.0
TXN-10030,2023-10-19 12:00:00,Branch C,Chicago,CUST-1244,Normal,Male,57,Headphones,Electronics,6,100,0.03,E-Wallet,4.4,50,582.0,282.0
TXN-10031,2023-05-16 15:00:00,Branch A,New York,CUST-1074,Member,Male,60,Tablet,Electronics,8,300,0.08,E-Wallet,5.0,200,2208.0,608.0
TXN-10032,2023-01-05 16:00:00,Branch C,Chicago,CUST-1900,Member,Male,22,Jacket,Clothing,3,100,0.14,Credit Card,5.0,40,258.0,138.0
TXN-10033,2023-05-06 14:00:00,Branch A,New York,CUST-1669,Member,Female,28,Headphones,Electronics,5,100,0.11,Credit Card,5.0,50,445.0,195.0
TXN-10034,2023-09-28 09:00:00,Branch C,Chicago,CUST-1566,Member,Female,60,Smartphone,Electronics,5,600,0.06,Credit Card,3.7,400,2820.0,820.0
TXN-10035,2023-03-21 13:00:00,Branch A,New York,CUST-1270,Normal,Female,56,Office Chair,Home & Garden,6,120,0.0,Credit Card,4.3,60,720.0,360.0
TXN-10036,2023-09-16 16:00:00,Branch A,New York,CUST-1341,Member,Female,21,Laptop,Electronics,7,800,0.13,Credit Card,3.6,600,4872.0,672.0
TXN-10037,2023-03-08 19:00:00,Branch A,New York,CUST-1967,Member,Female,28,Tool Set,Home & Garden,7,85,0.11,Credit Card,3.7,40,529.55,249.55
TXN-10038,2023-12-20 11:00:00,Branch B,Los Angeles,CUST-1881,Normal,Male,41,Jeans,Clothing,7,50,0.0,Credit Card,3.6,20,350.0,210.0
TXN-10039,2023-01-21 14:00:00,Branch C,Chicago,CUST-1416,Member,Male,61,T-Shirt,Clothing,6,25,0.13,Credit Card,5.0,10,130.5,70.5
TXN-10040,2023-11-14 20:00:00,Branch A,New York,CUST-1340,Normal,Male,33,Milk,Groceries,9,3,0.0,Credit Card,4.5,2,27.0,9.0
TXN-10041,2023-07-30 19:00:00,Branch A,New York,CUST-1481,Normal,Male,35,Smartphone,Electronics,2,600,0.0,Credit Card,3.1,400,1200.0,400.0
TXN-10042,2023-04-24 12:00:00,Branch B,Los Angeles,CUST-1285,Normal,Female,40,Tablet,Electronics,4,300,0.0,Credit Card,4.3,200,1200.0,400.0
TXN-10043,2023-02-05 13:00:00,Branch B,Los Angeles,CUST-1985,Member,Female,59,Coffee Beans,Groceries,3,15,0.06,Credit Card,5.0,8,42.3,18.3
TXN-10044,2023-05-16 09:00:00,Branch C,Chicago,CUST-1118,Member,Male,56,Plant Pot,Home & Garden,6,15,0.09,Credit Card,5.0,5,81.9,51.9
TXN-10045,2023-07-17 18:00:00,Branch A,New York,CUST-1551,Normal,Male,34,Desk Lamp,Home & Garden,7,35,0.0,Credit Card,4.9,15,245.0,140.0
TXN-10046,2023-12-18 20:00:00,Branch B,Los Angeles,CUST-1921,Normal,Male,41,Sneakers,Clothing,2,80,0.05,Credit Card,2.2,30,152.0,92.0
TXN-10047,2023-06-03 17:00:00,Branch A,New York,CUST-1130,Member,Female,60,Tool Set,Home & Garden,6,85,0.09,Credit Card,4.1,40,464.1,224.1
TXN-10048,2023-04-09 15:00:00,Branch A,New York,CUST-1293,Member,Female,61,Milk,Groceries,9,3,0.1,E-Wallet,3.5,2,24.3,6.3
TXN-10049,2023-04-18 15:00:00,Branch C,Chicago,CUST-1982,Normal,Female,47,Tool Set,Home & Garden,4,85,0.0,Credit Card,4.6,40,340.0,180.0
TXN-10050,2023-03-28 19:00:00,Branch A,New York,CUST-1688,Member,Male,36,Plant Pot,Home & Garden,2,15,0.13,Credit Card,5.0,5,26.1,16.1
TXN-10051,2023-06-08 12:00:00,Branch A,New York,CUST-1786,Member,Male,27,Organic Apples,Groceries,6,5,0.15,Cash,4.7,3,25.5,7.5
TXN-10052,2023-02-07 16:00:00,Branch A,New York,CUST-1704,Normal,Female,58,Milk,Groceries,10,3,0.0,Credit Card,3.3,2,30.0,10.0
TXN-10053,2023-01-03 10:00:00,Branch A,New York,CUST-1868,Normal,Female,32,Smartphone,Electronics,8,600,0.0,Credit Card,3.5,400,4800.0,1600.0
TXN-10054,2023-03-04 16:00:00,Branch B,Los Angeles,CUST-1162,Normal,Male,47,Bread,Groceries,12,4,0.05,Credit Card,2.9,2,45.6,21.6
TXN-10055,2023-09-01 16:00:00,Branch A,New York,CUST-1079,Member,Female,33,Tablet,Electronics,8,300,0.11,E-Wallet,4.0,200,2136.0,536.0
TXN-10056,2023-05-27 12:00:00,Branch A,New York,CUST-1156,Normal,Female,39,Bread,Groceries,5,4,0.0,Credit Card,3.8,2,20.0,10.0
TXN-10057,2023-12-28 12:00:00,Branch B,Los Angeles,CUST-1430,Normal,Male,44,Sneakers,Clothing,6,80,0.0,Cash,3.8,30,480.0,300.0
TXN-10058,2023-07-19 18:00:00,Branch C,Chicago,CUST-1399,Member,Male,54,Tool Set,Home & Garden,1,85,0.14,Cash,4.1,40,73.1,33.1
TXN-10059,2023-08-03 17:00:00,Branch B,Los Angeles,CUST-1695,Member,Male,49,Office Chair,Home & Garden,5,120,0.09,E-Wallet,3.6,60,546.0,246.0
TXN-10060,2023-07-27 20:00:00,Branch A,New York,CUST-1678,Member,Male,47,Office Chair,Home & Garden,1,120,0.14,Credit Card,4.7,60,103.2,43.2
TXN-10061,2023-01-14 10:00:00,Branch C,Chicago,CUST-1465,Normal,Female,26,Office Chair,Home & Garden,1,120,0.0,E-Wallet,3.7,60,120.0,60.0
TXN-10062,2023-06-17 14:00:00,Branch A,New York,CUST-1767,Member,Female,35,Tool Set,Home & Garden,5,85,0.13,Credit Card,4.4,40,369.75,169.75
TXN-10063,2023-10-04 09:00:00,Branch A,New York,CUST-1020,Normal,Female,32,Desk Lamp,Home & Garden,1,35,0.05,Credit Card,3.4,15,33.25,18.25
TXN-10064,2023-11-15 11:00:00,Branch B,Los Angeles,CUST-1377,Member,Male,26,Coffee Beans,Groceries,12,15,0.14,E-Wallet,4.4,8,154.8,58.8
TXN-10065,2023-03-27 18:00:00,Branch A,New York,CUST-1589,Normal,Male,28,Plant Pot,Home & Garden,2,15,0.0,Credit Card,4.9,5,30.0,20.0
TXN-10066,2023-12-13 15:00:00,Branch B,Los Angeles,CUST-1713,Normal,Female,63,Jeans,Clothing,2,50,0.0,Credit Card,4.7,20,100.0,60.0
TXN-10067,2023-06-04 19:00:00,Branch C,Chicago,CUST-1663,Normal,Male,54,Tablet,Electronics,7,300,0.0,E-Wallet,3.1,200,2100.0,700.0
TXN-10068,2023-06-24 09:00:00,Branch B,Los Angeles,CUST-1751,Normal,Female,49,Organic Apples,Groceries,8,5,0.0,Credit Card,2.9,3,40.0,16.0
TXN-10069,2023-09-25 19:00:00,Branch C,Chicago,CUST-1251,Normal,Female,57,Tool Set,Home & Garden,7,85,0.04,Credit Card,3.6,40,571.2,291.2
TXN-10070,2023-02-14 13:00:00,Branch A,New York,CUST-1332,Member,Female,33,Sneakers,Clothing,7,80,0.08,Credit Card,4.5,30,515.2,305.2
TXN-10071,2023-04-04 16:00:00,Branch B,Los Angeles,CUST-1529,Member,Male,40,Jacket,Clothing,6,100,0.08,Credit Card,3.6,40,552.0,312.0
TXN-10072,2023-04-08 10:00:00,Branch C,Chicago,CUST-1502,Member,Male,64,Tool Set,Home & Garden,4,85,0.12,Cash,4.8,40,299.2,139.2
TXN-10073,2023-08-18 09:00:00,Branch B,Los Angeles,CUST-1543,Normal,Male,36,Jeans,Clothing,7,50,0.0,Credit Card,2.9,20,350.0,210.0
TXN-10074,2023-06-26 15:00:00,Branch A,New York,CUST-1738,Member,Female,40,Sneakers,Clothing,5,80,0.08,Credit Card,4.0,30,368.0,218.0
TXN-10075,2023-04-09 14:00:00,Branch B,Los Angeles,CUST-1537,Normal,Male,65,Office Chair,Home & Garden,4,120,0.0,Credit Card,4.0,60,480.0,240.0
TXN-10076,2023-11-02 13:00:00,Branch A,New York,CUST-1725,Normal,Male,30,Tablet,Electronics,4,300,0.0,Credit Card,3.6,200,1200.0,400.0
TXN-10077,2023-10-01 11:00:00,Branch A,New York,CUST-1889,Normal,Female,20,Desk Lamp,Home & Garden,5,35,0.0,Credit Card,3.3,15,175.0,100.0
TXN-10078,2023-09-09 10:00:00,Branch A,New York,CUST-1988,Member,Male,54,Tablet,Electronics,8,300,0.1,Credit Card,4.2,200,2160.0,560.0
TXN-10079,2023-01-27 13:00:00,Branch C,Chicago,CUST-1054,Normal,Female,25,Headphones,Electronics,8,100,0.0,E-Wallet,4.3,50,800.0,400.0
TXN-10080,2023-03-19 11:00:00,Branch C,Chicago,CUST-1231,Normal,Female,23,T-Shirt,Clothing,7,25,0.0,Credit Card,4.6,10,175.0,105.0
TXN-10081,2023-09-25 15:00:00,Branch A,New York,CUST-1624,Member,Female,46,Tablet,Electronics,7,300,0.08,Credit Card,4.7,200,1932.0,532.0
TXN-10082,2023-02-20 12:00:00,Branch A,New York,CUST-1160,Member,Male,34,Laptop,Electronics,3,800,0.07,Credit Card,4.6,600,2232.0,432.0
TXN-10083,2023-01-02 15:00:00,Branch B,Los Angeles,CUST-1880,Member,Female,62,Sneakers,Clothing,5,80,0.05,Credit Card,4.1,30,380.0,230.0
TXN-10084,2023-08-21 10:00:00,Branch A,New York,CUST-1152,Normal,Male,34,Smartphone,Electronics,7,600,0.0,Credit Card,3.4,400,4200.0,1400.0
TXN-10085,2023-05-17 11:00:00,Branch A,New York,CUST-1295,Member,Male,21,Milk,Groceries,12,3,0.12,Credit Card,4.6,2,31.68,7.68
TXN-10086,2023-08-13 10:00:00,Branch C,Chicago,CUST-1612,Normal,Female,62,Coffee Beans,Groceries,11,15,0.0,Cash,3.9,8,165.0,77.0
TXN-10087,2023-01-21 15:00:00,Branch A,New York,CUST-1856,Normal,Female,56,Tablet,Electronics,1,300,0.0,Credit Card,4.9,200,300.0,100.0
TXN-10088,2023-10-22 18:00:00,Branch C,Chicago,CUST-1284,Normal,Male,61,Organic Apples,Groceries,10,5,0.0,Credit Card,3.9,3,50.0,20.0
TXN-10089,2023-04-03 18:00:00,Branch B,Los Angeles,CUST-1107,Normal,Female,58,Sneakers,Clothing,2,80,0.0,E-Wallet,3.8,30,160.0,100.0
TXN-10090,2023-03-24 14:00:00,Branch A,New York,CUST-1778,Normal,Female,62,Tool Set,Home & Garden,5,85,0.0,Cash,3.8,40,425.0,225.0
TXN-10091,2023-10-09 09:00:00,Branch A,New York,CUST-1413,Member,Female,23,Tablet,Electronics,5,300,0.08,Credit Card,5.0,200,1380.0,380.0
TXN-10092,2023-09-21 09:00:00,Branch A,New York,CUST-1510,Member,Female,44,Desk Lamp,Home & Garden,4,35,0.1,Cash,4.7,15,126.0,66.0
TXN-10093,2023-11-17 16:00:00,Branch C,Chicago,CUST-1029,Member,Male,31,Milk,Groceries,10,3,0.14,Cash,4.5,2,25.8,5.8
TXN-10094,2023-11-19 18:00:00,Branch B,Los Angeles,CUST-1861,Normal,Male,63,Office Chair,Home & Garden,5,120,0.0,E-Wallet,4.1,60,600.0,300.0
TXN-10095,2023-02-28 16:00:00,Branch A,New York,CUST-1425,Member,Male,59,Milk,Groceries,14,3,0.08,E-Wallet,4.9,2,38.64,10.64
TXN-10096,2023-09-05 16:00:00,Branch C,Chicago,CUST-1884,Normal,Male,47,Sneakers,Clothing,4,80,0.04,Credit Card,4.8,30,307.2,187.2
TXN-10097,2023-02-05 13:00:00,Branch C,Chicago,CUST-1675,Member,Female,39,Organic Apples,Groceries,14,5,0.08,E-Wallet,4.7,3,64.4,22.4
TXN-10098,2023-09-08 11:00:00,Branch C,Chicago,CUST-1466,Normal,Female,52,Plant Pot,Home & Garden,6,15,0.0,Credit Card,4.1,5,90.0,60.0
TXN-10099,2023-06-14 12:00:00,Branch C,Chicago,CUST-1722,Member,Male,54,Office Chair,Home & Garden,7,120,0.05,Credit Card,5.0,60,798.0,378.0
TXN-10100,2023-07-15 15:00:00,Branch C,Chicago,CUST-1450,Member,Male,49,Smartphone,Electronics,6,600,0.14,Credit Card,5.0,400,3096.0,696.0
TXN-10101,2023-02-21 17:00:00,Branch A,New York,CUST-1800,Normal,Female,18,Smartphone,Electronics,7,600,0.05,E-Wallet,3.1,400,3990.0,1190.0
TXN-10102,2023-05-16 14:00:00,Branch C,Chicago,CUST-1499,Normal,Female,59,Tablet,Electronics,7,300,0.04,Credit Card,4.8,200,2016.0,616.0
TXN-10103,2023-10-05 09:00:00,Branch A,New York,CUST-1778,Member,Male,33,Bread,Groceries,14,4,0.06,Credit Card,5.0,2,52.64,24.64
TXN-10104,2023-11-21 20:00:00,Branch C,Chicago,CUST-1300,Normal,Male,46,Jacket,Clothing,1,100,0.0,Cash,4.6,40,100.0,60.0
TXN-10105,2023-07-03 14:00:00,Branch B,Los Angeles,CUST-1080,Member,Female,27,Jeans,Clothing,7,50,0.11,Credit Card,5.0,20,311.5,171.5
TXN-10106,2023-11-09 15:00:00,Branch C,Chicago,CUST-1682,Member,Male,49,Jeans,Clothing,8,50,0.11,Cash,4.4,20,356.0,196.0
TXN-10107,2023-01-05 16:00:00,Branch A,New York,CUST-1985,Normal,Female,61,Milk,Groceries,10,3,0.05,Cash,3.6,2,28.5,8.5
TXN-10108,2023-08-06 20:00:00,Branch A,New York,CUST-1390,Normal,Female,47,Tablet,Electronics,4,300,0.05,Credit Card,3.2,200,1140.0,340.0
TXN-10109,2023-10-20 14:00:00,Branch A,New York,CUST-1281,Member,Female,62,Plant Pot,Home & Garden,1,15,0.15,Credit Card,4.8,5,12.75,7.75
TXN-10110,2023-01-05 18:00:00,Branch A,New York,CUST-1224,Normal,Male,56,Tool Set,Home & Garden,5,85,0.03,E-Wallet,4.6,40,412.25,212.25
TXN-10111,2023-11-22 12:00:00,Branch C,Chicago,CUST-1593,Member,Female,61,T-Shirt,Clothing,1,25,0.08,Cash,4.4,10,23.0,13.0
TXN-10112,2023-07-06 20:00:00,Branch C,Chicago,CUST-1897,Normal,Male,23,Bread,Groceries,5,4,0.0,Credit Card,4.6,2,20.0,10.0
TXN-10113,2023-07-07 17:00:00,Branch C,Chicago,CUST-1479,Member,Female,28,Coffee Beans,Groceries,14,15,0.14,Credit Card,5.0,8,180.6,68.6
TXN-10114,2023-02-08 11:00:00,Branch A,New York,CUST-1270,Normal,Male,61,Headphones,Electronics,6,100,0.0,Credit Card,3.8,50,600.0,300.0
TXN-10115,2023-10-02 10:00:00,Branch B,Los Angeles,CUST-1025,Normal,Female,41,Jacket,Clothing,7,100,0.05,Credit Card,3.2,40,665.0,385.0
TXN-10116,2023-11-14 17:00:00,Branch A,New York,CUST-1717,Normal,Female,57,Smartphone,Electronics,2,600,0.0,Credit Card,3.9,400,1200.0,400.0
TXN-10117,2023-06-04 19:00:00,Branch C,Chicago,CUST-1099,Member,Female,25,T-Shirt,Clothing,1,25,0.08,E-Wallet,4.5,10,23.0,13.0
TXN-10118,2023-05-01 17:00:00,Branch B,Los Angeles,CUST-1760,Normal,Male,42,Headphones,Electronics,6,100,0.0,E-Wallet,2.8,50,600.0,300.0
TXN-10119,2023-03-21 15:00:00,Branch B,Los Angeles,CUST-1241,Normal,Male,49,Coffee Beans,Groceries,3,15,0.0,Credit Card,3.4,8,45.0,21.0
TXN-10120,2023-07-05 10:00:00,Branch B,Los Angeles,CUST-1868,Normal,Female,52,Plant Pot,Home & Garden,1,15,0.0,Cash,3.4,5,15.0,10.0
TXN-10121,2023-08-21 10:00:00,Branch A,New York,CUST-1578,Normal,Male,59,Desk Lamp,Home & Garden,1,35,0.03,Credit Card,3.3,15,33.95,18.95
TXN-10122,2023-04-16 10:00:00,Branch B,Los Angeles,CUST-1879,Member,Male,55,Jeans,Clothing,4,50,0.08,Credit Card,2.5,20,184.0,104.0
TXN-10123,2023-03-16 11:00:00,Branch A,New York,CUST-1807,Normal,Female,29,Laptop,Electronics,1,800,0.0,E-Wallet,3.7,600,800.0,200.0
TXN-10124,2023-05-02 18:00:00,Branch B,Los Angeles,CUST-1487,Normal,Female,19,Jeans,Clothing,5,50,0.0,E-Wallet,3.5,20,250.0,150.0
TXN-10125,2023-08-18 14:00:00,Branch B,Los Angeles,CUST-1658,Member,Male,46,Office Chair,Home & Garden,1,120,0.12,E-Wallet,3.1,60,105.6,45.6
TXN-10126,2023-01-16 09:00:00,Branch C,Chicago,CUST-1329,Normal,Female,43,Desk Lamp,Home & Garden,8,35,0.03,Credit Card,4.8,15,271.6,151.6
TXN-10127,2023-11-08 11:00:00,Branch A,New York,CUST-1301,Normal,Male,26,Plant Pot,Home & Garden,6,15,0.0,Cash,4.2,5,90.0,60.0
TXN-10128,2023-08-21 17:00:00,Branch A,New York,CUST-1423,Member,Female,24,Desk Lamp,Home & Garden,4,35,0.09,E-Wallet,5.0,15,127.4,67.4
TXN-10129,2023-06-23 16:00:00,Branch A,New York,CUST-1383,Normal,Female,44,Laptop,Electronics,6,800,0.0,E-Wallet,4.3,600,4800.0,1200.0
TXN-10130,2023-03-20 19:00:00,Branch C,Chicago,CUST-1381,Normal,Female,22,Laptop,Electronics,2,800,0.0,Credit Card,4.5,600,1600.0,400.0
TXN-10131,2023-03-08 17:00:00,Branch A,New York,CUST-1963,Normal,Male,55,Plant Pot,Home & Garden,2,15,0.0,E-Wallet,4.7,5,30.0,20.0
TXN-10132,2023-08-05 20:00:00,Branch C,Chicago,CUST-1493,Normal,Male,36,Bread,Groceries,12,4,0.0,Credit Card,3.3,2,48.0,24.0
TXN-10133,2023-04-25 10:00:00,Branch C,Chicago,CUST-1574,Normal,Female,53,Organic Apples,Groceries,12,5,0.0,Credit Card,3.9,3,60.0,24.0
TXN-10134,2023-11-15 18:00:00,Branch B,Los Angeles,CUST-1347,Member,Male,56,Plant Pot,Home & Garden,1,15,0.07,Credit Card,4.9,5,13.95,8.95
TXN-10135,2023-06-29 09:00:00,Branch A,New York,CUST-1543,Normal,Male,27,Coffee Beans,Groceries,5,15,0.05,Credit Card,3.2,8,71.25,31.25
TXN-10136,2023-04-21 15:00:00,Branch A,New York,CUST-1795,Normal,Female,47,Jacket,Clothing,3,100,0.0,Credit Card,4.4,40,300.0,180.0
TXN-10137,2023-10-18 18:00:00,Branch B,Los Angeles,CUST-1434,Normal,Male,21,Jeans,Clothing,3,50,0.02,Credit Card,3.2,20,147.0,87.0
TXN-10138,2023-09-06 18:00:00,Branch C,Chicago,CUST-1694,Normal,Female,44,Milk,Groceries,8,3,0.0,Cash,3.6,2,24.0,8.0
TXN-10139,2023-10-31 16:00:00,Branch A,New York,CUST-1968,Normal,Female,20,Milk,Groceries,12,3,0.0,Credit Card,3.4,2,36.0,12.0
TXN-10140,2023-04-19 11:00:00,Branch A,New York,CUST-1179,Member,Female,36,Tablet,Electronics,2,300,0.05,Credit Card,5.0,200,570.0,170.0
TXN-10141,2023-03-08 15:00:00,Branch A,New York,CUST-1446,Normal,Male,50,Plant Pot,Home & Garden,2,15,0.0,Credit Card,4.5,5,30.0,20.0
TXN-10142,2023-01-10 16:00:00,Branch B,Los Angeles,CUST-1332,Normal,Male,38,Sneakers,Clothing,7,80,0.03,E-Wallet,3.2,30,543.2,333.2
TXN-10143,2023-03-29 18:00:00,Branch C,Chicago,CUST-1536,Member,Female,62,Organic Apples,Groceries,4,5,0.07,E-Wallet,4.7,3,18.6,6.6
TXN-10144,2023-02-10 15:00:00,Branch B,Los Angeles,CUST-1522,Member,Female,65,Jacket,Clothing,4,100,0.08,E-Wallet,2.7,40,368.0,208.0
TXN-10145,2023-04-10 14:00:00,Branch B,Los Angeles,CUST-1671,Member,Female,64,Milk,Groceries,4,3,0.06,Credit Card,4.0,2,11.28,3.28
TXN-10146,2023-02-08 11:00:00,Branch A,New York,CUST-1154,Member,Female,47,Headphones,Electronics,6,100,0.14,Credit Card,4.8,50,516.0,216.0
TXN-10147,2023-08-14 10:00:00,Branch B,Los Angeles,CUST-1472,Member,Female,46,Jacket,Clothing,5,100,0.11,E-Wallet,4.2,40,445.0,245.0
TXN-10148,2023-08-20 09:00:00,Branch B,Los Angeles,CUST-1608,Normal,Male,41,Jacket,Clothing,2,100,0.0,Cash,5.0,40,200.0,120.0
TXN-10149,2023-09-17 15:00:00,Branch A,New York,CUST-1192,Member,Female,55,Laptop,Electronics,8,800,0.14,Credit Card,4.6,600,5504.0,704.0
TXN-10150,2023-06-14 18:00:00,Branch A,New York,CUST-1857,Normal,Female,50,Smartphone,Electronics,1,600,0.0,Credit Card,4.6,400,600.0,200.0
TXN-10151,2023-06-25 20:00:00,Branch B,Los Angeles,CUST-1372,Member,Male,50,Milk,Groceries,6,3,0.12,Credit Card,3.7,2,15.84,3.84
TXN-10152,2023-07-10 13:00:00,Branch A,New York,CUST-1096,Normal,Female,44,Plant Pot,Home & Garden,1,15,0.04,Cash,3.1,5,14.4,9.4
TXN-10153,2023-10-13 19:00:00,Branch A,New York,CUST-1938,Normal,Female,36,Bread,Groceries,8,4,0.0,Cash,4.3,2,32.0,16.0
TXN-10154,2023-06-29 13:00:00,Branch A,New York,CUST-1336,Member,Female,26,T-Shirt,Clothing,5,25,0.11,Credit Card,4.8,10,111.25,61.25
TXN-10155,2023-03-07 19:00:00,Branch A,New York,CUST-1219,Normal,Male,59,Coffee Beans,Groceries,3,15,0.0,Cash,3.4,8,45.0,21.0
TXN-10156,2023-06-24 16:00:00,Branch A,New York,CUST-1103,Normal,Male,32,Office Chair,Home & Garden,3,120,0.0,Credit Card,4.7,60,360.0,180.0
TXN-10157,2023-09-17 17:00:00,Branch B,Los Angeles,CUST-1709,Member,Male,60,Jacket,Clothing,3,100,0.11,Credit Card,3.8,40,267.0,147.0
TXN-10158,2023-11-16 11:00:00,Branch A,New York,CUST-1454,Member,Female,20,Headphones,Electronics,6,100,0.12,Credit Card,4.0,50,528.0,228.0
TXN-10159,2023-11-09 13:00:00,Branch A,New York,CUST-1925,Member,Female,32,Smartphone,Electronics,5,600,0.15,Credit Card,5.0,400,2550.0,550.0
TXN-10160,2023-04-10 14:00:00,Branch B,Los Angeles,CUST-1204,Normal,Female,47,Jacket,Clothing,7,100,0.0,Credit Card,3.8,40,700.0,420.0
TXN-10161,2023-11-06 11:00:00,Branch B,Los Angeles,CUST-1291,Normal,Female,21,Sneakers,Clothing,6,80,0.0,Cash,3.7,30,480.0,300.0
TXN-10162,2023-02-12 11:00:00,Branch A,New York,CUST-1461,Member,Female,46,Milk,Groceries,4,3,0.14,Credit Card,3.9,2,10.32,2.32
TXN-10163,2023-06-28 09:00:00,Branch A,New York,CUST-1229,Normal,Female,21,Coffee Beans,Groceries,6,15,0.0,Credit Card,3.2,8,90.0,42.0
TXN-10164,2023-01-15 14:00:00,Branch A,New York,CUST-1849,Member,Male,63,Tablet,Electronics,3,300,0.06,Credit Card,4.1,200,846.0,246.0
TXN-10165,2023-08-30 20:00:00,Branch A,New York,CUST-1019,Member,Male,63,Tool Set,Home & Garden,8,85,0.11,Credit Card,5.0,40,605.2,285.2
TXN-10166,2023-05-12 12:00:00,Branch A,New York,CUST-1244,Normal,Male,53,Headphones,Electronics,2,100,0.03,Credit Card,3.2,50,194.0,94.0
TXN-10167,2023-08-03 19:00:00,Branch C,Chicago,CUST-1735,Normal,Female,22,Headphones,Electronics,1,100,0.0,E-Wallet,4.2,50,100.0,50.0
TXN-10168,2023-03-15 13:00:00,Branch A,New York,CUST-1087,Member,Female,18,Bread,Groceries,12,4,0.09,E-Wallet,4.8,2,43.68,19.68
TXN-10169,2023-09-26 14:00:00,Branch B,Los Angeles,CUST-1765,Normal,Male,51,T-Shirt,Clothing,7,25,0.02,Credit Card,3.8,10,171.5,101.5
TXN-10170,2023-01-09 14:00:00,Branch A,New York,CUST-1340,Member,Male,40,Jeans,Clothing,2,50,0.13,Credit Card,5.0,20,87.0,47.0
TXN-10171,2023-03-10 09:00:00,Branch A,New York,CUST-1490,Member,Female,52,Bread,Groceries,15,4,0.12,Credit Card,5.0,2,52.8,22.8
TXN-10172,2023-11-20 11:00:00,Branch B,Los Angeles,CUST-1042,Member,Male,22,Sneakers,Clothing,1,80,0.08,Credit Card,3.6,30,73.6,43.6
TXN-10173,2023-06-11 13:00:00,Branch A,New York,CUST-1292,Member,Female,52,Headphones,Electronics,5,100,0.05,Cash,4.8,50,475.0,225.0
TXN-10174,2023-07-02 09:00:00,Branch C,Chicago,CUST-1916,Member,Female,35,Tablet,Electronics,7,300,0.14,Credit Card,5.0,200,1806.0,406.0
TXN-10175,2023-07-17 14:00:00,Branch B,Los Angeles,CUST-1616,Normal,Male,49,Sneakers,Clothing,6,80,0.04,Credit Card,2.2,30,460.8,280.8
TXN-10176,2023-04-03 17:00:00,Branch A,New York,CUST-1456,Member,Female,38,Desk Lamp,Home & Garden,2,35,0.08,E-Wallet,4.1,15,64.4,34.4
TXN-10177,2023-11-05 20:00:00,Branch C,Chicago,CUST-1361,Member,Female,28,Plant Pot,Home & Garden,8,15,0.05,Credit Card,5.0,5,114.0,74.0
TXN-10178,2023-11-11 15:00:00,Branch C,Chicago,CUST-1695,Member,Female,58,Laptop,Electronics,7,800,0.09,Credit Card,5.0,600,5096.0,896.0
TXN-10179,2023-03-23 09:00:00,Branch B,Los Angeles,CUST-1972,Normal,Male,56,Sneakers,Clothing,1,80,0.0,Credit Card,2.7,30,80.0,50.0
TXN-10180,2023-10-18 09:00:00,Branch A,New York,CUST-1587,Member,Male,61,Headphones,Electronics,6,100,0.09,Credit Card,5.0,50,546.0,246.0
TXN-10181,2023-03-12 17:00:00,Branch B,Los Angeles,CUST-1396,Member,Female,43,Plant Pot,Home & Garden,5,15,0.07,Credit Card,3.5,5,69.75,44.75
TXN-10182,2023-10-15 10:00:00,Branch C,Chicago,CUST-1204,Normal,Female,34,Office Chair,Home & Garden,5,120,0.0,Credit Card,5.0,60,600.0,300.0
TXN-10183,2023-03-04 11:00:00,Branch A,New York,CUST-1327,Normal,Male,46,Jeans,Clothing,8,50,0.04,Credit Card,4.9,20,384.0,224.0
TXN-10184,2023-12-08 14:00:00,Branch C,Chicago,CUST-1178,Member,Male,53,Bread,Groceries,14,4,0.12,Credit Card,4.9,2,49.28,21.28
TXN-10185,2023-07-05 17:00:00,Branch C,Chicago,CUST-1377,Normal,Male,25,Jeans,Clothing,4,50,0.02,Cash,4.1,20,196.0,116.0
TXN-10186,2023-08-28 17:00:00,Branch C,Chicago,CUST-1490,Normal,Male,57,Laptop,Electronics,5,800,0.0,Credit Card,4.4,600,4000.0,1000.0
TXN-10187,2023-09-27 15:00:00,Branch C,Chicago,CUST-1696,Normal,Female,54,Smartphone,Electronics,6,600,0.0,E-Wallet,3.9,400,3600.0,1200.0
TXN-10188,2023-09-22 14:00:00,Branch C,Chicago,CUST-1851,Member,Male,53,Jeans,Clothing,7,50,0.1,Credit Card,5.0,20,315.0,175.0
TXN-10189,2023-03-05 17:00:00,Branch A,New York,CUST-1354,Normal,Male,37,Smartphone,Electronics,3,600,0.0,Credit Card,4.4,400,1800.0,600.0
TXN-10190,2023-09-23 13:00:00,Branch C,Chicago,CUST-1095,Member,Male,34,Jacket,Clothing,3,100,0.11,E-Wallet,4.7,40,267.0,147.0
TXN-10191,2023-09-15 19:00:00,Branch A,New York,CUST-1619,Normal,Male,55,Smartphone,Electronics,3,600,0.0,Credit Card,4.4,400,1800.0,600.0
TXN-10192,2023-06-22 18:00:00,Branch A,New York,CUST-1215,Member,Male,19,Organic Apples,Groceries,13,5,0.13,Credit Card,4.0,3,56.55,17.55
TXN-10193,2023-10-20 15:00:00,Branch B,Los Angeles,CUST-1074,Normal,Male,49,Jacket,Clothing,5,100,0.0,Credit Card,2.6,40,500.0,300.0
TXN-10194,2023-12-19 09:00:00,Branch A,New York,CUST-1147,Member,Male,46,Tool Set,Home & Garden,8,85,0.1,Credit Card,4.2,40,612.0,292.0
TXN-10195,2023-06-10 20:00:00,Branch B,Los Angeles,CUST-1477,Normal,Female,64,Jacket,Clothing,7,100,0.0,Credit Card,2.6,40,700.0,420.0
TXN-10196,2023-03-04 13:00:00,Branch B,Los Angeles,CUST-1985,Member,Female,33,Office Chair,Home & Garden,2,120,0.06,E-Wallet,3.3,60,225.6,105.6
TXN-10197,2023-03-23 14:00:00,Branch B,Los Angeles,CUST-1092,Normal,Female,30,Office Chair,Home & Garden,8,120,0.03,Credit Card,4.8,60,931.2,451.2
TXN-10198,2023-07-21 17:00:00,Branch B,Los Angeles,CUST-1688,Normal,Female,33,Jeans,Clothing,6,50,0.0,Credit Card,3.7,20,300.0,180.0
TXN-10199,2023-08-29 13:00:00,Branch C,Chicago,CUST-1410,Normal,Male,24,Office Chair,Home & Garden,5,120,0.04,Credit Card,3.7,60,576.0,276.0
TXN-10200,2023-01-27 18:00:00,Branch C,Chicago,CUST-1845,Normal,Male,41,Organic Apples,Groceries,11,5,0.0,Cash,4.1,3,55.0,22.0
TXN-10201,2023-11-16 19:00:00,Branch C,Chicago,CUST-1773,Normal,Male,26,Headphones,Electronics,6,100,0.03,Credit Card,4.9,50,582.0,282.0
TXN-10202,2023-03-15 12:00:00,Branch A,New York,CUST-1823,Member,Female,50,Laptop,Electronics,1,800,0.05,Credit Card,4.9,600,760.0,160.0
TXN-10203,2023-08-31 17:00:00,Branch A,New York,CUST-1402,Member,Female,27,Jeans,Clothing,6,50,0.14,E-Wallet,4.1,20,258.0,138.0
TXN-10204,2023-11-12 20:00:00,Branch A,New York,CUST-1017,Member,Female,55,Bread,Groceries,14,4,0.11,Credit Card,4.4,2,49.84,21.84
TXN-10205,2023-07-08 14:00:00,Branch A,New York,CUST-1671,Normal,Male,44,Tablet,Electronics,1,300,0.0,Cash,3.5,200,300.0,100.0
TXN-10206,2023-10-24 18:00:00,Branch B,Los Angeles,CUST-1151,Normal,Male,64,Desk Lamp,Home & Garden,8,35,0.0,Credit Card,3.7,15,280.0,160.0
TXN-10207,2023-12-15 12:00:00,Branch B,Los Angeles,CUST-1707,Normal,Male,54,Laptop,Electronics,4,800,0.0,Credit Card,3.6,600,3200.0,800.0
TXN-10208,2023-04-15 15:00:00,Branch C,Chicago,CUST-1489,Member,Female,65,Smartphone,Electronics,4,600,0.11,Credit Card,5.0,400,2136.0,536.0
TXN-10209,2023-09-27 15:00:00,Branch C,Chicago,CUST-1697,Normal,Female,29,Plant Pot,Home & Garden,6,15,0.0,Credit Card,4.7,5,90.0,60.0
TXN-10210,2023-11-26 20:00:00,Branch A,New York,CUST-1964,Normal,Female,57,Headphones,Electronics,4,100,0.03,E-Wallet,3.6,50,388.0,188.0
TXN-10211,2023-06-02 13:00:00,Branch A,New York,CUST-1956,Member,Male,62,Headphones,Electronics,6,100,0.1,Credit Card,4.6,50,540.0,240.0
TXN-10212,2023-05-21 13:00:00,Branch A,New York,CUST-1297,Normal,Male,54,Sneakers,Clothing,7,80,0.05,Credit Card,4.6,30,532.0,322.0
TXN-10213,2023-01-22 13:00:00,Branch A,New York,CUST-1277,Normal,Male,40,Headphones,Electronics,5,100,0.03,Cash,4.7,50,485.0,235.0
TXN-10214,2023-10-15 20:00:00,Branch C,Chicago,CUST-1231,Normal,Female,26,Smartphone,Electronics,4,600,0.0,Credit Card,4.8,400,2400.0,800.0
TXN-10215,2023-11-23 12:00:00,Branch B,Los Angeles,CUST-1563,Normal,Male,24,Headphones,Electronics,6,100,0.02,Credit Card,4.5,50,588.0,288.0
TXN-10216,2023-03-22 15:00:00,Branch B,Los Angeles,CUST-1587,Member,Female,48,Jeans,Clothing,5,50,0.08,Credit Card,2.7,20,230.0,130.0
TXN-10217,2023-04-29 17:00:00,Branch B,Los Angeles,CUST-1190,Member,Male,29,Sneakers,Clothing,3,80,0.14,Credit Card,4.1,30,206.4,116.4
TXN-10218,2023-05-29 09:00:00,Branch A,New York,CUST-1556,Normal,Male,37,Laptop,Electronics,6,800,0.0,Credit Card,5.0,600,4800.0,1200.0
TXN-10219,2023-09-26 16:00:00,Branch C,Chicago,CUST-1663,Normal,Male,50,Plant Pot,Home & Garden,4,15,0.03,E-Wallet,4.5,5,58.2,38.2
TXN-10220,2023-05-12 20:00:00,Branch A,New York,CUST-1179,Normal,Male,18,Tablet,Electronics,5,300,0.0,E-Wallet,4.5,200,1500.0,500.0
TXN-10221,2023-11-09 19:00:00,Branch A,New York,CUST-1143,Member,Female,45,Tablet,Electronics,2,300,0.09,Credit Card,3.7,200,546.0,146.0
TXN-10222,2023-09-02 14:00:00,Branch B,Los Angeles,CUST-1740,Normal,Male,18,Plant Pot,Home & Garden,7,15,0.0,E-Wallet,2.6,5,105.0,70.0
TXN-10223,2023-10-21 09:00:00,Branch A,New York,CUST-1314,Member,Female,59,Tablet,Electronics,4,300,0.06,Credit Card,3.7,200,1128.0,328.0
TXN-10224,2023-03-23 15:00:00,Branch B,Los Angeles,CUST-1465,Normal,Female,62,T-Shirt,Clothing,5,25,0.0,Credit Card,3.0,10,125.0,75.0
TXN-10225,2023-11-07 14:00:00,Branch A,New York,CUST-1894,Normal,Female,62,Coffee Beans,Groceries,15,15,0.0,Cash,4.5,8,225.0,105.0
TXN-10226,2023-02-11 17:00:00,Branch C,Chicago,CUST-1549,Normal,Female,51,Organic Apples,Groceries,3,5,0.05,E-Wallet,3.4,3,14.25,5.25
TXN-10227,2023-03-18 11:00:00,Branch C,Chicago,CUST-1456,Normal,Female,51,Desk Lamp,Home & Garden,4,35,0.03,Cash,4.8,15,135.8,75.8
TXN-10228,2023-01-29 16:00:00,Branch A,New York,CUST-1826,Normal,Male,50,Coffee Beans,Groceries,12,15,0.0,Credit Card,3.9,8,180.0,84.0
TXN-10229,2023-06-07 20:00:00,Branch A,New York,CUST-1352,Normal,Male,43,Plant Pot,Home & Garden,1,15,0.04,Credit Card,3.1,5,14.4,9.4
TXN-10230,2023-12-25 10:00:00,Branch A,New York,CUST-1138,Member,Male,22,Headphones,Electronics,1,100,0.08,E-Wallet,3.9,50,92.0,42.0
TXN-10231,2023-11-25 20:00:00,Branch A,New York,CUST-1699,Normal,Female,41,Headphones,Electronics,8,100,0.05,Credit Card,3.8,50,760.0,360.0
TXN-10232,2023-12-05 17:00:00,Branch C,Chicago,CUST-1228,Member,Male,59,Organic Apples,Groceries,11,5,0.09,Cash,3.8,3,50.05,17.05
TXN-10233,2023-01-02 09:00:00,Branch A,New York,CUST-1282,Normal,Female,47,Tool Set,Home & Garden,7,85,0.03,Credit Card,3.7,40,577.15,297.15
TXN-10234,2023-04-07 20:00:00,Branch B,Los Angeles,CUST-1688,Member,Male,20,Tool Set,Home & Garden,1,85,0.07,Credit Card,3.4,40,79.05,39.05
TXN-10235,2023-12-27 09:00:00,Branch A,New York,CUST-1772,Normal,Male,65,Laptop,Electronics,7,800,0.0,Credit Card,4.1,600,5600.0,1400.0
TXN-10236,2023-01-29 11:00:00,Branch A,New York,CUST-1676,Normal,Female,32,Tablet,Electronics,6,300,0.0,Credit Card,4.8,200,1800.0,600.0
TXN-10237,2023-09-24 12:00:00,Branch A,New York,CUST-1752,Normal,Female,37,Tablet,Electronics,1,300,0.0,Credit Card,4.2,200,300.0,100.0
TXN-10238,2023-03-31 19:00:00,Branch B,Los Angeles,CUST-1426,Normal,Female,53,Tool Set,Home & Garden,1,85,0.05,Credit Card,2.6,40,80.75,40.75
TXN-10239,2023-07-29 11:00:00,Branch A,New York,CUST-1878,Member,Female,42,Smartphone,Electronics,8,600,0.07,Credit Card,4.0,400,4464.0,1264.0
TXN-10240,2023-12-29 11:00:00,Branch B,Los Angeles,CUST-1208,Normal,Female,21,Sneakers,Clothing,7,80,0.0,Credit Card,3.3,30,560.0,350.0
TXN-10241,2023-06-19 19:00:00,Branch A,New York,CUST-1052,Normal,Male,46,Jacket,Clothing,2,100,0.0,Credit Card,4.7,40,200.0,120.0
TXN-10242,2023-05-18 15:00:00,Branch A,New York,CUST-1340,Member,Male,22,Office Chair,Home & Garden,4,120,0.1,Credit Card,5.0,60,432.0,192.0
TXN-10243,2023-06-05 09:00:00,Branch B,Los Angeles,CUST-1245,Member,Male,30,T-Shirt,Clothing,8,25,0.14,Credit Card,3.3,10,172.0,92.0
TXN-10244,2023-10-10 14:00:00,Branch A,New York,CUST-1903,Normal,Female,42,Headphones,Electronics,6,100,0.0,Credit Card,3.7,50,600.0,300.0
TXN-10245,2023-09-12 16:00:00,Branch A,New York,CUST-1576,Normal,Male,64,Tool Set,Home & Garden,6,85,0.03,E-Wallet,3.8,40,494.7,254.7
TXN-10246,2023-04-24 20:00:00,Branch B,Los Angeles,CUST-1583,Normal,Male,19,Plant Pot,Home & Garden,7,15,0.0,Credit Card,3.4,5,105.0,70.0
TXN-10247,2023-05-06 16:00:00,Branch B,Los Angeles,CUST-1143,Member,Female,34,Tool Set,Home & Garden,8,85,0.1,Credit Card,5.0,40,612.0,292.0
TXN-10248,2023-10-07 16:00:00,Branch C,Chicago,CUST-1422,Normal,Male,52,Laptop,Electronics,2,800,0.04,Credit Card,4.5,600,1536.0,336.0
TXN-10249,2023-03-12 19:00:00,Branch C,Chicago,CUST-1632,Member,Male,22,T-Shirt,Clothing,4,25,0.1,Credit Card,4.2,10,90.0,50.0
TXN-10250,2023-11-23 19:00:00,Branch A,New York,CUST-1012,Normal,Female,60,Tool Set,Home & Garden,1,85,0.0,E-Wallet,4.1,40,85.0,45.0
TXN-10251,2023-01-09 17:00:00,Branch B,Los Angeles,CUST-1962,Normal,Female,52,Plant Pot,Home & Garden,1,15,0.0,Credit Card,4.4,5,15.0,10.0
TXN-10252,2023-04-02 10:00:00,Branch C,Chicago,CUST-1362,Member,Male,51,Jeans,Clothing,4,50,0.11,Credit Card,4.0,20,178.0,98.0
TXN-10253,2023-05-17 15:00:00,Branch A,New York,CUST-1231,Member,Male,41,Headphones,Electronics,8,100,0.11,Credit Card,5.0,50,712.0,312.0
TXN-10254,2023-06-03 19:00:00,Branch C,Chicago,CUST-1057,Member,Male,59,Laptop,Electronics,7,800,0.09,Credit Card,4.6,600,5096.0,896.0
TXN-10255,2023-11-23 09:00:00,Branch C,Chicago,CUST-1097,Member,Male,23,Tool Set,Home & Garden,6,85,0.11,E-Wallet,5.0,40,453.9,213.9
TXN-10256,2023-09-28 09:00:00,Branch B,Los Angeles,CUST-1577,Member,Male,31,Headphones,Electronics,5,100,0.05,E-Wallet,4.3,50,475.0,225.0
TXN-10257,2023-12-03 09:00:00,Branch A,New York,CUST-1729,Normal,Male,38,T-Shirt,Clothing,4,25,0.0,E-Wallet,4.5,10,100.0,60.0
TXN-10258,2023-07-23 10:00:00,Branch C,Chicago,CUST-1809,Normal,Female,28,Sneakers,Clothing,6,80,0.0,Credit Card,4.5,30,480.0,300.0
TXN-10259,2023-12-19 20:00:00,Branch C,Chicago,CUST-1619,Normal,Male,50,Organic Apples,Groceries,9,5,0.0,Credit Card,3.2,3,45.0,18.0
TXN-10260,2023-11-11 18:00:00,Branch B,Los Angeles,CUST-1190,Normal,Female,38,Desk Lamp,Home & Garden,5,35,0.03,Credit Card,2.8,15,169.75,94.75
TXN-10261,2023-12-15 18:00:00,Branch A,New York,CUST-1389,Normal,Female,23,Bread,Groceries,14,4,0.0,Credit Card,3.5,2,56.0,28.0
TXN-10262,2023-12-31 19:00:00,Branch A,New York,CUST-1965,Member,Male,65,Headphones,Electronics,6,100,0.09,Credit Card,3.7,50,546.0,246.0
TXN-10263,2023-06-07 16:00:00,Branch A,New York,CUST-1570,Member,Female,35,Desk Lamp,Home & Garden,3,35,0.06,Credit Card,4.4,15,98.7,53.7
TXN-10264,2023-10-12 17:00:00,Branch A,New York,CUST-1612,Normal,Female,24,Laptop,Electronics,2,800,0.0,Credit Card,3.2,600,1600.0,400.0
TXN-10265,2023-06-16 15:00:00,Branch A,New York,CUST-1248,Normal,Male,36,Tool Set,Home & Garden,7,85,0.04,Credit Card,4.1,40,571.2,291.2
TXN-10266,2023-10-20 17:00:00,Branch B,Los Angeles,CUST-1064,Member,Male,61,Tool Set,Home & Garden,3,85,0.06,Credit Card,4.1,40,239.7,119.7
TXN-10267,2023-03-27 15:00:00,Branch C,Chicago,CUST-1640,Normal,Female,44,Coffee Beans,Groceries,8,15,0.0,Credit Card,3.5,8,120.0,56.0
TXN-10268,2023-09-11 18:00:00,Branch B,Los Angeles,CUST-1635,Member,Male,47,T-Shirt,Clothing,3,25,0.08,Credit Card,5.0,10,69.0,39.0
TXN-10269,2023-07-14 14:00:00,Branch A,New York,CUST-1711,Normal,Female,39,Headphones,Electronics,3,100,0.0,Cash,4.2,50,300.0,150.0
TXN-10270,2023-04-13 16:00:00,Branch C,Chicago,CUST-1800,Normal,Female,29,Plant Pot,Home & Garden,5,15,0.04,E-Wallet,4.9,5,72.0,47.0
TXN-10271,2023-05-05 14:00:00,Branch C,Chicago,CUST-1558,Member,Female,35,Plant Pot,Home & Garden,2,15,0.14,Credit Card,3.9,5,25.8,15.8
TXN-10272,2023-04-03 19:00:00,Branch C,Chicago,CUST-1868,Normal,Male,64,Office Chair,Home & Garden,8,120,0.04,E-Wallet,3.1,60,921.6,441.6
TXN-10273,2023-07-29 19:00:00,Branch A,New York,CUST-1433,Member,Female,26,Jacket,Clothing,4,100,0.08,Credit Card,3.8,40,368.0,208.0
TXN-10274,2023-07-13 10:00:00,Branch B,Los Angeles,CUST-1037,Member,Female,56,Tool Set,Home & Garden,7,85,0.1,Credit Card,3.3,40,535.5,255.5
TXN-10275,2023-07-04 20:00:00,Branch C,Chicago,CUST-1660,Normal,Male,24,Jacket,Clothing,3,100,0.0,E-Wallet,3.1,40,300.0,180.0
TXN-10276,2023-12-13 19:00:00,Branch C,Chicago,CUST-1764,Normal,Female,39,Desk Lamp,Home & Garden,1,35,0.0,Credit Card,3.4,15,35.0,20.0
TXN-10277,2023-09-23 17:00:00,Branch A,New York,CUST-1707,Normal,Male,46,Tablet,Electronics,7,300,0.0,Credit Card,4.4,200,2100.0,700.0
TXN-10278,2023-09-14 11:00:00,Branch B,Los Angeles,CUST-1851,Member,Female,19,Sneakers,Clothing,2,80,0.08,Credit Card,5.0,30,147.2,87.2
TXN-10279,2023-03-14 14:00:00,Branch A,New York,CUST-1099,Normal,Female,39,Sneakers,Clothing,4,80,0.0,Credit Card,3.7,30,320.0,200.0
TXN-10280,2023-08-13 20:00:00,Branch B,Los Angeles,CUST-1351,Normal,Female,38,T-Shirt,Clothing,5,25,0.0,Credit Card,4.4,10,125.0,75.0
TXN-10281,2023-11-28 10:00:00,Branch B,Los Angeles,CUST-1473,Member,Male,65,Office Chair,Home & Garden,3,120,0.11,Credit Card,4.2,60,320.4,140.4
TXN-10282,2023-04-29 15:00:00,Branch B,Los Angeles,CUST-1606,Normal,Male,29,Tool Set,Home & Garden,7,85,0.0,E-Wallet,4.2,40,595.0,315.0
TXN-10283,2023-08-08 15:00:00,Branch B,Los Angeles,CUST-1892,Normal,Male,63,Milk,Groceries,7,3,0.04,Credit Card,3.1,2,20.16,6.16
TXN-10284,2023-10-02 11:00:00,Branch A,New York,CUST-1501,Normal,Female,38,Office Chair,Home & Garden,8,120,0.0,E-Wallet,4.3,60,960.0,480.0
TXN-10285,2023-09-28 19:00:00,Branch A,New York,CUST-1468,Member,Female,56,Coffee Beans,Groceries,12,15,0.06,Cash,4.2,8,169.2,73.2
TXN-10286,2023-11-13 11:00:00,Branch C,Chicago,CUST-1187,Normal,Female,57,Smartphone,Electronics,6,600,0.0,Credit Card,3.6,400,3600.0,1200.0
TXN-10287,2023-07-11 20:00:00,Branch A,New York,CUST-1433,Normal,Male,50,Tool Set,Home & Garden,7,85,0.0,Credit Card,4.1,40,595.0,315.0
TXN-10288,2023-04-06 16:00:00,Branch B,Los Angeles,CUST-1054,Normal,Male,53,Milk,Groceries,7,3,0.0,Cash,3.6,2,21.0,7.0
TXN-10289,2023-07-03 09:00:00,Branch C,Chicago,CUST-1727,Normal,Female,26,Sneakers,Clothing,8,80,0.0,Credit Card,4.0,30,640.0,400.0
TXN-10290,2023-08-16 16:00:00,Branch B,Los Angeles,CUST-1468,Normal,Male,23,T-Shirt,Clothing,4,25,0.0,E-Wallet,2.3,10,100.0,60.0
TXN-10291,2023-10-17 20:00:00,Branch B,Los Angeles,CUST-1774,Member,Female,53,T-Shirt,Clothing,2,25,0.08,Credit Card,3.6,10,46.0,26.0
TXN-10292,2023-01-22 20:00:00,Branch A,New York,CUST-1769,Normal,Female,52,Smartphone,Electronics,7,600,0.0,Credit Card,4.7,400,4200.0,1400.0
TXN-10293,2023-05-07 13:00:00,Branch C,Chicago,CUST-1214,Normal,Male,46,Bread,Groceries,10,4,0.02,E-Wallet,4.6,2,39.2,19.2
TXN-10294,2023-10-29 20:00:00,Branch C,Chicago,CUST-1824,Member,Female,63,Office Chair,Home & Garden,3,120,0.13,Credit Card,5.0,60,313.2,133.2
TXN-10295,2023-01-31 18:00:00,Branch A,New York,CUST-1296,Member,Female,52,Tablet,Electronics,3,300,0.08,Credit Card,4.9,200,828.0,228.0
TXN-10296,2023-10-21 13:00:00,Branch B,Los Angeles,CUST-1728,Normal,Male,26,Sneakers,Clothing,1,80,0.05,E-Wallet,2.5,30,76.0,46.0
TXN-10297,2023-06-14 12:00:00,Branch A,New York,CUST-1077,Normal,Female,49,Smartphone,Electronics,5,600,0.0,Credit Card,3.8,400,3000.0,1000.0
TXN-10298,2023-11-21 10:00:00,Branch A,New York,CUST-1002,Member,Female,50,Bread,Groceries,10,4,0.15,Credit Card,4.2,2,34.0,14.0
TXN-10299,2023-02-17 20:00:00,Branch A,New York,CUST-1844,Normal,Female,58,Tablet,Electronics,2,300,0.03,E-Wallet,4.9,200,582.0,182.0
TXN-10300,2023-04-19 16:00:00,Branch A,New York,CUST-1872,Normal,Female,38,Tablet,Electronics,6,300,0.0,E-Wallet,3.3,200,1800.0,600.0
TXN-10301,2023-09-06 14:00:00,Branch A,New York,CUST-1161,Normal,Male,20,Laptop,Electronics,8,800,0.0,Credit Card,4.9,600,6400.0,1600.0
TXN-10302,2023-08-14 16:00:00,Branch B,Los Angeles,CUST-1095,Member,Male,45,Office Chair,Home & Garden,3,120,0.14,Credit Card,4.3,60,309.6,129.6
TXN-10303,2023-12-02 14:00:00,Branch C,Chicago,CUST-1773,Member,Female,23,Milk,Groceries,9,3,0.11,E-Wallet,5.0,2,24.03,6.03
TXN-10304,2023-04-30 15:00:00,Branch C,Chicago,CUST-1231,Normal,Male,63,Laptop,Electronics,4,800,0.0,Credit Card,3.3,600,3200.0,800.0
TXN-10305,2023-09-23 19:00:00,Branch B,Los Angeles,CUST-1135,Member,Female,18,Laptop,Electronics,6,800,0.13,Credit Card,5.0,600,4176.0,576.0
TXN-10306,2023-09-02 10:00:00,Branch C,Chicago,CUST-1140,Normal,Male,42,Laptop,Electronics,2,800,0.0,Credit Card,4.8,600,1600.0,400.0
TXN-10307,2023-07-15 11:00:00,Branch B,Los Angeles,CUST-1421,Normal,Male,22,T-Shirt,Clothing,3,25,0.0,Credit Card,2.3,10,75.0,45.0
TXN-10308,2023-11-12 19:00:00,Branch A,New York,CUST-1747,Normal,Female,31,Laptop,Electronics,2,800,0.0,Credit Card,3.2,600,1600.0,400.0
TXN-10309,2023-07-16 14:00:00,Branch B,Los Angeles,CUST-1622,Member,Female,38,Smartphone,Electronics,4,600,0.08,Credit Card,3.7,400,2208.0,608.0
TXN-10310,2023-05-26 20:00:00,Branch B,Los Angeles,CUST-1661,Member,Male,60,Bread,Groceries,11,4,0.11,E-Wallet,3.9,2,39.16,17.16
TXN-10311,2023-01-28 12:00:00,Branch C,Chicago,CUST-1910,Member,Female,42,Smartphone,Electronics,8,600,0.11,Credit Card,3.6,400,4272.0,1072.0
TXN-10312,2023-01-07 14:00:00,Branch A,New York,CUST-1781,Normal,Female,26,Headphones,Electronics,7,100,0.0,Credit Card,4.4,50,700.0,350.0
TXN-10313,2023-08-30 10:00:00,Branch C,Chicago,CUST-1971,Normal,Male,55,Laptop,Electronics,5,800,0.0,Credit Card,4.8,600,4000.0,1000.0
TXN-10314,2023-07-23 17:00:00,Branch B,Los Angeles,CUST-1284,Member,Female,58,Sneakers,Clothing,7,80,0.12,Credit Card,3.7,30,492.8,282.8
TXN-10315,2023-02-12 13:00:00,Branch A,New York,CUST-1649,Member,Male,50,Jeans,Clothing,3,50,0.1,Credit Card,4.3,20,135.0,75.0
TXN-10316,2023-11-29 19:00:00,Branch C,Chicago,CUST-1118,Member,Male,37,Office Chair,Home & Garden,1,120,0.07,Cash,5.0,60,111.6,51.6
TXN-10317,2023-08-21 18:00:00,Branch A,New York,CUST-1975,Normal,Male,37,Milk,Groceries,3,3,0.04,Cash,3.3,2,8.64,2.64
TXN-10318,2023-06-27 17:00:00,Branch C,Chicago,CUST-1030,Member,Female,28,Milk,Groceries,14,3,0.14,Credit Card,5.0,2,36.12,8.12
TXN-10319,2023-06-21 15:00:00,Branch C,Chicago,CUST-1056,Normal,Female,51,Tablet,Electronics,2,300,0.0,E-Wallet,4.0,200,600.0,200.0
TXN-10320,2023-09-13 18:00:00,Branch A,New York,CUST-1118,Normal,Male,41,Smartphone,Electronics,5,600,0.05,Credit Card,4.3,400,2850.0,850.0
TXN-10321,2023-04-27 20:00:00,Branch C,Chicago,CUST-1153,Normal,Male,20,Smartphone,Electronics,1,600,0.0,Credit Card,3.8,400,600.0,200.0
TXN-10322,2023-04-02 09:00:00,Branch C,Chicago,CUST-1585,Member,Female,32,Milk,Groceries,14,3,0.08,Cash,5.0,2,38.64,10.64
TXN-10323,2023-07-10 10:00:00,Branch A,New York,CUST-1476,Member,Male,29,Office Chair,Home & Garden,1,120,0.15,Credit Card,3.6,60,102.0,42.0
TXN-10324,2023-05-25 13:00:00,Branch C,Chicago,CUST-1311,Member,Female,23,Desk Lamp,Home & Garden,6,35,0.07,Cash,4.6,15,195.3,105.3
TXN-10325,2023-11-15 12:00:00,Branch C,Chicago,CUST-1024,Normal,Female,41,Office Chair,Home & Garden,4,120,0.0,Credit Card,4.9,60,480.0,240.0
TXN-10326,2023-04-30 17:00:00,Branch B,Los Angeles,CUST-1106,Normal,Female,58,T-Shirt,Clothing,6,25,0.0,E-Wallet,3.5,10,150.0,90.0
TXN-10327,2023-04-16 17:00:00,Branch C,Chicago,CUST-1918,Normal,Male,44,Desk Lamp,Home & Garden,3,35,0.02,Cash,4.8,15,102.9,57.9
TXN-10328,2023-09-24 15:00:00,Branch B,Los Angeles,CUST-1606,Member,Female,47,Laptop,Electronics,2,800,0.1,Credit Card,4.8,600,1440.0,240.0
TXN-10329,2023-10-18 09:00:00,Branch C,Chicago,CUST-1820,Normal,Female,60,Jeans,Clothing,5,50,0.0,Credit Card,3.6,20,250.0,150.0
TXN-10330,2023-07-21 20:00:00,Branch A,New York,CUST-1139,Member,Female,38,Headphones,Electronics,5,100,0.07,E-Wallet,5.0,50,465.0,215.0
TXN-10331,2023-10-27 10:00:00,Branch A,New York,CUST-1548,Normal,Male,24,Jeans,Clothing,8,50,0.0,Credit Card,3.8,20,400.0,240.0
TXN-10332,2023-07-03 12:00:00,Branch C,Chicago,CUST-1311,Normal,Female,37,Plant Pot,Home & Garden,2,15,0.0,E-Wallet,4.6,5,30.0,20.0
TXN-10333,2023-12-27 20:00:00,Branch C,Chicago,CUST-1525,Normal,Male,31,Milk,Groceries,14,3,0.0,Credit Card,3.7,2,42.0,14.0
TXN-10334,2023-01-26 19:00:00,Branch B,Los Angeles,CUST-1104,Normal,Female,34,Jeans,Clothing,1,50,0.05,Credit Card,2.2,20,47.5,27.5
TXN-10335,2023-03-13 10:00:00,Branch B,Los Angeles,CUST-1086,Normal,Male,21,Jeans,Clothing,3,50,0.0,Credit Card,3.9,20,150.0,90.0
TXN-10336,2023-10-26 18:00:00,Branch C,Chicago,CUST-1131,Member,Female,22,Laptop,Electronics,4,800,0.14,E-Wallet,4.4,600,2752.0,352.0
TXN-10337,2023-02-17 14:00:00,Branch A,New York,CUST-1841,Normal,Male,20,Sneakers,Clothing,1,80,0.0,Credit Card,4.1,30,80.0,50.0
TXN-10338,2023-07-22 16:00:00,Branch C,Chicago,CUST-1286,Normal,Male,42,Office Chair,Home & Garden,6,120,0.0,Credit Card,3.4,60,720.0,360.0
TXN-10339,2023-08-17 11:00:00,Branch B,Los Angeles,CUST-1089,Member,Male,57,Jeans,Clothing,5,50,0.1,E-Wallet,5.0,20,225.0,125.0
TXN-10340,2023-05-24 15:00:00,Branch A,New York,CUST-1813,Normal,Male,44,Smartphone,Electronics,4,600,0.0,Credit Card,4.6,400,2400.0,800.0
TXN-10341,2023-01-10 15:00:00,Branch C,Chicago,CUST-1326,Normal,Female,48,Plant Pot,Home & Garden,6,15,0.0,Credit Card,3.4,5,90.0,60.0
TXN-10342,2023-11-02 12:00:00,Branch A,New York,CUST-1238,Member,Male,35,T-Shirt,Clothing,8,25,0.1,Credit Card,5.0,10,180.0,100.0
TXN-10343,2023-03-23 10:00:00,Branch C,Chicago,CUST-1816,Normal,Male,60,Jacket,Clothing,1,100,0.05,Credit Card,4.2,40,95.0,55.0
TXN-10344,2023-07-18 14:00:00,Branch B,Los Angeles,CUST-1717,Normal,Male,29,Jeans,Clothing,6,50,0.04,Cash,4.8,20,288.0,168.0
TXN-10345,2023-06-30 18:00:00,Branch A,New York,CUST-1092,Normal,Male,54,Milk,Groceries,11,3,0.0,Credit Card,4.0,2,33.0,11.0
TXN-10346,2023-01-29 12:00:00,Branch C,Chicago,CUST-1734,Normal,Male,19,Desk Lamp,Home & Garden,6,35,0.03,Credit Card,3.3,15,203.7,113.7
TXN-10347,2023-04-01 14:00:00,Branch C,Chicago,CUST-1983,Member,Male,19,Jeans,Clothing,2,50,0.13,Cash,5.0,20,87.0,47.0
TXN-10348,2023-02-07 14:00:00,Branch A,New York,CUST-1161,Member,Female,55,T-Shirt,Clothing,6,25,0.08,E-Wallet,3.8,10,138.0,78.0
TXN-10349,2023-08-12 19:00:00,Branch A,New York,CUST-1910,Member,Female,59,Jacket,Clothing,3,100,0.12,E-Wallet,4.6,40,264.0,144.0
TXN-10350,2023-11-11 14:00:00,Branch A,New York,CUST-1130,Normal,Male,60,Smartphone,Electronics,7,600,0.0,E-Wallet,4.4,400,4200.0,1400.0
TXN-10351,2023-04-01 20:00:00,Branch C,Chicago,CUST-1990,Member,Male,62,Desk Lamp,Home & Garden,3,35,0.11,E-Wallet,5.0,15,93.45,48.45
TXN-10352,2023-11-10 12:00:00,Branch B,Los Angeles,CUST-1906,Normal,Male,49,Jeans,Clothing,6,50,0.03,Credit Card,5.0,20,291.0,171.0
TXN-10353,2023-02-15 20:00:00,Branch B,Los Angeles,CUST-1805,Normal,Female,46,T-Shirt,Clothing,5,25,0.0,Cash,4.4,10,125.0,75.0
TXN-10354,2023-02-25 20:00:00,Branch A,New York,CUST-1504,Normal,Male,21,Headphones,Electronics,8,100,0.05,E-Wallet,4.8,50,760.0,360.0
TXN-10355,2023-07-13 14:00:00,Branch A,New York,CUST-1866,Normal,Female,24,Sneakers,Clothing,4,80,0.0,E-Wallet,3.1,30,320.0,200.0
TXN-10356,2023-01-18 13:00:00,Branch A,New York,CUST-1384,Normal,Male,38,Plant Pot,Home & Garden,2,15,0.0,E-Wallet,3.3,5,30.0,20.0
TXN-10357,2023-03-24 20:00:00,Branch B,Los Angeles,CUST-1669,Normal,Male,53,Organic Apples,Groceries,12,5,0.05,E-Wallet,4.4,3,57.0,21.0
TXN-10358,2023-03-26 18:00:00,Branch B,Los Angeles,CUST-1567,Member,Female,28,Desk Lamp,Home & Garden,2,35,0.08,Credit Card,5.0,15,64.4,34.4
TXN-10359,2023-10-04 13:00:00,Branch B,Los Angeles,CUST-1055,Member,Female,37,Milk,Groceries,3,3,0.09,Credit Card,4.6,2,8.19,2.19
TXN-10360,2023-07-04 09:00:00,Branch B,Los Angeles,CUST-1484,Member,Female,23,Bread,Groceries,6,4,0.06,E-Wallet,4.5,2,22.56,10.56
TXN-10361,2023-03-01 13:00:00,Branch A,New York,CUST-1189,Normal,Female,48,Sneakers,Clothing,5,80,0.0,E-Wallet,4.1,30,400.0,250.0
TXN-10362,2023-07-09 15:00:00,Branch C,Chicago,CUST-1857,Normal,Female,29,Desk Lamp,Home & Garden,5,35,0.0,Credit Card,3.5,15,175.0,100.0
TXN-10363,2023-05-18 18:00:00,Branch C,Chicago,CUST-1232,Normal,Male,27,Laptop,Electronics,6,800,0.03,Credit Card,4.5,600,4656.0,1056.0
TXN-10364,2023-10-11 09:00:00,Branch C,Chicago,CUST-1924,Normal,Female,51,Tool Set,Home & Garden,4,85,0.0,Credit Card,3.2,40,340.0,180.0
TXN-10365,2023-01-18 17:00:00,Branch A,New York,CUST-1197,Normal,Male,25,Headphones,Electronics,3,100,0.03,Credit Card,3.4,50,291.0,141.0
TXN-10366,2023-03-06 09:00:00,Branch A,New York,CUST-1854,Member,Female,23,Headphones,Electronics,4,100,0.15,Credit Card,4.8,50,340.0,140.0
TXN-10367,2023-11-01 13:00:00,Branch B,Los Angeles,CUST-1282,Member,Female,64,T-Shirt,Clothing,2,25,0.09,Credit Card,4.3,10,45.5,25.5
TXN-10368,2023-09-24 16:00:00,Branch A,New York,CUST-1602,Member,Male,62,Headphones,Electronics,2,100,0.09,Credit Card,3.8,50,182.0,82.0
TXN-10369,2023-10-26 10:00:00,Branch B,Los Angeles,CUST-1670,Normal,Male,54,T-Shirt,Clothing,5,25,0.05,Credit Card,4.8,10,118.75,68.75
TXN-10370,2023-09-06 18:00:00,Branch C,Chicago,CUST-1710,Normal,Female,20,Jacket,Clothing,7,100,0.0,Credit Card,4.2,40,700.0,420.0
TXN-10371,2023-07-25 09:00:00,Branch A,New York,CUST-1918,Member,Female,39,Smartphone,Electronics,1,600,0.12,Credit Card,5.0,400,528.0,128.0
TXN-10372,2023-07-10 09:00:00,Branch B,Los Angeles,CUST-1307,Normal,Female,37,Plant Pot,Home & Garden,5,15,0.05,Credit Card,2.5,5,71.25,46.25
TXN-10373,2023-08-15 14:00:00,Branch C,Chicago,CUST-1416,Member,Female,64,Desk Lamp,Home & Garden,4,35,0.09,Cash,5.0,15,127.4,67.4
TXN-10374,2023-09-06 17:00:00,Branch A,New York,CUST-1138,Normal,Female,21,Office Chair,Home & Garden,2,120,0.0,Credit Card,4.0,60,240.0,120.0
TXN-10375,2023-09-26 18:00:00,Branch C,Chicago,CUST-1940,Member,Male,29,Jeans,Clothing,1,50,0.07,E-Wallet,4.4,20,46.5,26.5
TXN-10376,2023-07-04 20:00:00,Branch A,New York,CUST-1126,Member,Male,35,Jacket,Clothing,8,100,0.1,Credit Card,4.8,40,720.0,400.0
TXN-10377,2023-12-15 09:00:00,Branch A,New York,CUST-1600,Normal,Male,41,Sneakers,Clothing,8,80,0.0,Credit Card,4.7,30,640.0,400.0
TXN-10378,2023-10-10 14:00:00,Branch C,Chicago,CUST-1585,Member,Female,28,Organic Apples,Groceries,3,5,0.09,Credit Card,3.8,3,13.65,4.65
TXN-10379,2023-04-20 12:00:00,Branch A,New York,CUST-1799,Member,Male,61,Milk,Groceries,13,3,0.09,Cash,3.5,2,35.49,9.49
TXN-10380,2023-12-16 09:00:00,Branch B,Los Angeles,CUST-1726,Normal,Female,26,Jeans,Clothing,1,50,0.0,Credit Card,3.4,20,50.0,30.0
TXN-10381,2023-11-26 13:00:00,Branch A,New York,CUST-1693,Normal,Female,42,Jacket,Clothing,8,100,0.0,Credit Card,3.9,40,800.0,480.0
TXN-10382,2023-09-24 18:00:00,Branch A,New York,CUST-1863,Normal,Female,55,Desk Lamp,Home & Garden,1,35,0.0,Credit Card,4.3,15,35.0,20.0
TXN-10383,2023-07-11 17:00:00,Branch C,Chicago,CUST-1332,Normal,Female,37,Headphones,Electronics,2,100,0.0,Credit Card,3.6,50,200.0,100.0
TXN-10384,2023-05-22 13:00:00,Branch A,New York,CUST-1614,Normal,Female,30,Jeans,Clothing,4,50,0.04,E-Wallet,4.6,20,192.0,112.0
TXN-10385,2023-07-26 19:00:00,Branch C,Chicago,CUST-1428,Member,Female,61,T-Shirt,Clothing,8,25,0.15,Credit Card,4.0,10,170.0,90.0
TXN-10386,2023-07-27 15:00:00,Branch C,Chicago,CUST-1487,Member,Male,55,Jacket,Clothing,4,100,0.12,E-Wallet,4.8,40,352.0,192.0
TXN-10387,2023-12-10 14:00:00,Branch A,New York,CUST-1264,Normal,Female,28,Smartphone,Electronics,5,600,0.0,Credit Card,3.3,400,3000.0,1000.0
TXN-10388,2023-10-14 11:00:00,Branch B,Los Angeles,CUST-1908,Member,Female,59,Organic Apples,Groceries,8,5,0.07,E-Wallet,5.0,3,37.2,13.2
TXN-10389,2023-06-19 14:00:00,Branch A,New York,CUST-1887,Member,Female,55,Tablet,Electronics,8,300,0.14,Credit Card,4.4,200,2064.0,464.0
TXN-10390,2023-11-21 18:00:00,Branch B,Los Angeles,CUST-1055,Member,Male,48,Jeans,Clothing,2,50,0.14,Credit Card,4.3,20,86.0,46.0
TXN-10391,2023-03-19 11:00:00,Branch B,Los Angeles,CUST-1082,Normal,Male,39,Sneakers,Clothing,8,80,0.0,Credit Card,4.7,30,640.0,400.0
TXN-10392,2023-09-07 14:00:00,Branch A,New York,CUST-1172,Normal,Male,38,Organic Apples,Groceries,10,5,0.0,E-Wallet,4.5,3,50.0,20.0
TXN-10393,2023-10-23 11:00:00,Branch A,New York,CUST-1488,Member,Female,23,Milk,Groceries,13,3,0.09,Credit Card,4.4,2,35.49,9.49
TXN-10394,2023-07-16 09:00:00,Branch A,New York,CUST-1775,Member,Male,52,Smartphone,Electronics,6,600,0.15,Credit Card,5.0,400,3060.0,660.0
TXN-10395,2023-09-29 12:00:00,Branch A,New York,CUST-1319,Member,Male,61,Laptop,Electronics,4,800,0.07,Credit Card,5.0,600,2976.0,576.0
TXN-10396,2023-03-08 10:00:00,Branch A,New York,CUST-1971,Normal,Female,50,Tablet,Electronics,3,300,0.0,E-Wallet,3.1,200,900.0,300.0
TXN-10397,2023-05-29 16:00:00,Branch B,Los Angeles,CUST-1928,Normal,Female,45,Jeans,Clothing,6,50,0.03,Credit Card,4.5,20,291.0,171.0
TXN-10398,2023-07-26 09:00:00,Branch B,Los Angeles,CUST-1728,Normal,Male,32,Milk,Groceries,14,3,0.0,Credit Card,4.0,2,42.0,14.0
TXN-10399,2023-11-30 09:00:00,Branch C,Chicago,CUST-1049,Normal,Female,58,Organic Apples,Groceries,13,5,0.0,Cash,4.7,3,65.0,26.0
TXN-10400,2023-12-20 10:00:00,Branch B,Los Angeles,CUST-1711,Normal,Female,46,Sneakers,Clothing,2,80,0.0,Credit Card,3.9,30,160.0,100.0
TXN-10401,2023-12-18 19:00:00,Branch A,New York,CUST-1620,Normal,Male,37,Headphones,Electronics,2,100,0.0,Credit Card,3.5,50,200.0,100.0
TXN-10402,2023-12-25 11:00:00,Branch C,Chicago,CUST-1623,Member,Female,24,Tablet,Electronics,2,300,0.13,Credit Card,4.5,200,522.0,122.0
TXN-10403,2023-04-13 13:00:00,Branch C,Chicago,CUST-1212,Member,Male,40,Plant Pot,Home & Garden,3,15,0.05,Credit Card,4.5,5,42.75,27.75
TXN-10404,2023-12-19 16:00:00,Branch A,New York,CUST-1855,Normal,Female,33,Desk Lamp,Home & Garden,1,35,0.0,Credit Card,4.8,15,35.0,20.0
TXN-10405,2023-10-21 19:00:00,Branch C,Chicago,CUST-2000,Normal,Female,27,Laptop,Electronics,2,800,0.04,Credit Card,3.9,600,1536.0,336.0
TXN-10406,2023-06-01 13:00:00,Branch C,Chicago,CUST-1693,Member,Female,21,Smartphone,Electronics,1,600,0.14,Credit Card,4.2,400,516.0,116.0
TXN-10407,2023-06-10 15:00:00,Branch C,Chicago,CUST-1366,Member,Male,24,Laptop,Electronics,3,800,0.12,Credit Card,3.8,600,2112.0,312.0
TXN-10408,2023-08-13 18:00:00,Branch A,New York,CUST-1410,Member,Female,64,Desk Lamp,Home & Garden,6,35,0.13,Credit Card,3.9,15,182.7,92.7
TXN-10409,2023-07-24 16:00:00,Branch A,New York,CUST-1115,Member,Female,42,Sneakers,Clothing,7,80,0.11,Credit Card,5.0,30,498.4,288.4
TXN-10410,2023-03-09 20:00:00,Branch C,Chicago,CUST-1388,Normal,Male,28,Headphones,Electronics,8,100,0.04,E-Wallet,3.4,50,768.0,368.0
TXN-10411,2023-07-03 18:00:00,Branch A,New York,CUST-1047,Normal,Male,61,Smartphone,Electronics,8,600,0.02,Credit Card,3.8,400,4704.0,1504.0
TXN-10412,2023-02-02 13:00:00,Branch C,Chicago,CUST-1493,Normal,Female,18,Jacket,Clothing,2,100,0.0,E-Wallet,4.5,40,200.0,120.0
TXN-10413,2023-06-27 19:00:00,Branch C,Chicago,CUST-1507,Member,Female,27,Laptop,Electronics,3,800,0.1,Credit Card,4.4,600,2160.0,360.0
TXN-10414,2023-03-26 10:00:00,Branch A,New York,CUST-1658,Normal,Female,38,Smartphone,Electronics,6,600,0.02,Credit Card,3.4,400,3528.0,1128.0
TXN-10415,2023-07-13 15:00:00,Branch C,Chicago,CUST-1323,Member,Male,23,Tool Set,Home & Garden,8,85,0.06,E-Wallet,4.5,40,639.2,319.2
TXN-10416,2023-03-02 16:00:00,Branch B,Los Angeles,CUST-1618,Normal,Male,24,Coffee Beans,Groceries,3,15,0.0,Cash,3.0,8,45.0,21.0
TXN-10417,2023-11-13 19:00:00,Branch B,Los Angeles,CUST-1228,Member,Female,50,Jeans,Clothing,8,50,0.15,Credit Card,4.2,20,340.0,180.0
TXN-10418,2023-08-21 14:00:00,Branch A,New York,CUST-1227,Member,Female,63,Tablet,Electronics,8,300,0.06,Credit Card,5.0,200,2256.0,656.0
TXN-10419,2023-01-02 14:00:00,Branch C,Chicago,CUST-1760,Normal,Female,58,Bread,Groceries,3,4,0.03,Credit Card,4.6,2,11.64,5.64
TXN-10420,2023-07-29 10:00:00,Branch B,Los Angeles,CUST-1844,Normal,Female,57,Jeans,Clothing,4,50,0.0,Credit Card,4.7,20,200.0,120.0
TXN-10421,2023-04-08 20:00:00,Branch A,New York,CUST-1461,Normal,Female,24,Coffee Beans,Groceries,13,15,0.04,Cash,4.5,8,187.2,83.2
TXN-10422,2023-08-23 19:00:00,Branch A,New York,CUST-1599,Normal,Male,49,T-Shirt,Clothing,1,25,0.0,Cash,3.9,10,25.0,15.0
TXN-10423,2023-09-05 17:00:00,Branch C,Chicago,CUST-1903,Member,Male,62,Jeans,Clothing,2,50,0.09,Credit Card,4.7,20,91.0,51.0
TXN-10424,2023-06-14 17:00:00,Branch C,Chicago,CUST-1463,Member,Female,44,Jacket,Clothing,7,100,0.15,Credit Card,5.0,40,595.0,315.0
TXN-10425,2023-03-10 11:00:00,Branch A,New York,CUST-1222,Member,Female,56,Bread,Groceries,14,4,0.12,Cash,4.6,2,49.28,21.28
TXN-10426,2023-04-13 12:00:00,Branch B,Los Angeles,CUST-1330,Normal,Female,61,Plant Pot,Home & Garden,3,15,0.04,Credit Card,3.4,5,43.2,28.2
TXN-10427,2023-12-30 10:00:00,Branch A,New York,CUST-1546,Normal,Female,53,Sneakers,Clothing,7,80,0.0,Credit Card,4.8,30,560.0,350.0
TXN-10428,2023-05-27 15:00:00,Branch C,Chicago,CUST-1204,Normal,Male,51,Laptop,Electronics,7,800,0.0,Credit Card,4.3,600,5600.0,1400.0
TXN-10429,2023-05-17 11:00:00,Branch A,New York,CUST-1771,Normal,Female,61,Bread,Groceries,3,4,0.0,Credit Card,3.6,2,12.0,6.0
TXN-10430,2023-10-05 09:00:00,Branch A,New York,CUST-1803,Normal,Female,46,T-Shirt,Clothing,4,25,0.04,Cash,3.5,10,96.0,56.0
TXN-10431,2023-12-23 13:00:00,Branch A,New York,CUST-1565,Normal,Male,42,Headphones,Electronics,7,100,0.05,Credit Card,3.6,50,665.0,315.0
TXN-10432,2023-01-28 09:00:00,Branch A,New York,CUST-1663,Member,Female,30,Tool Set,Home & Garden,4,85,0.14,E-Wallet,4.9,40,292.4,132.4
TXN-10433,2023-07-08 18:00:00,Branch C,Chicago,CUST-1191,Normal,Male,64,Jacket,Clothing,8,100,0.0,Credit Card,4.4,40,800.0,480.0
TXN-10434,2023-03-30 20:00:00,Branch B,Los Angeles,CUST-1866,Normal,Male,42,Laptop,Electronics,7,800,0.0,Credit Card,3.5,600,5600.0,1400.0
TXN-10435,2023-05-11 09:00:00,Branch A,New York,CUST-1052,Normal,Female,47,Jeans,Clothing,1,50,0.0,Credit Card,3.6,20,50.0,30.0
TXN-10436,2023-11-17 18:00:00,Branch A,New York,CUST-1533,Normal,Female,49,Bread,Groceries,15,4,0.04,E-Wallet,4.9,2,57.6,27.6
TXN-10437,2023-02-04 17:00:00,Branch C,Chicago,CUST-1339,Normal,Male,44,Desk Lamp,Home & Garden,6,35,0.0,Credit Card,3.4,15,210.0,120.0
TXN-10438,2023-06-19 14:00:00,Branch B,Los Angeles,CUST-1657,Normal,Female,31,Sneakers,Clothing,1,80,0.0,E-Wallet,3.7,30,80.0,50.0
TXN-10439,2023-11-11 18:00:00,Branch A,New York,CUST-1553,Normal,Male,20,Jacket,Clothing,7,100,0.05,Credit Card,3.8,40,665.0,385.0
TXN-10440,2023-05-25 09:00:00,Branch C,Chicago,CUST-1328,Normal,Female,50,Tool Set,Home & Garden,1,85,0.0,Credit Card,4.3,40,85.0,45.0
TXN-10441,2023-09-21 10:00:00,Branch A,New York,CUST-1218,Normal,Male,28,Laptop,Electronics,2,800,0.0,Credit Card,4.3,600,1600.0,400.0
TXN-10442,2023-12-17 15:00:00,Branch B,Los Angeles,CUST-1339,Member,Male,31,Headphones,Electronics,2,100,0.12,Credit Card,3.8,50,176.0,76.0
TXN-10443,2023-01-20 10:00:00,Branch A,New York,CUST-1233,Member,Male,21,Smartphone,Electronics,5,600,0.11,Credit Card,4.6,400,2670.0,670.0
TXN-10444,2023-05-13 15:00:00,Branch A,New York,CUST-1121,Member,Female,46,Headphones,Electronics,7,100,0.08,Credit Card,4.3,50,644.0,294.0
TXN-10445,2023-10-01 09:00:00,Branch A,New York,CUST-1296,Member,Male,65,Laptop,Electronics,2,800,0.09,Credit Card,4.5,600,1456.0,256.0
TXN-10446,2023-12-18 13:00:00,Branch A,New York,CUST-1485,Member,Male,36,Headphones,Electronics,7,100,0.09,Credit Card,4.8,50,637.0,287.0
TXN-10447,2023-03-22 17:00:00,Branch C,Chicago,CUST-1988,Normal,Male,26,Plant Pot,Home & Garden,3,15,0.0,Credit Card,4.8,5,45.0,30.0
TXN-10448,2023-11-28 14:00:00,Branch A,New York,CUST-1550,Member,Male,53,Milk,Groceries,3,3,0.05,Credit Card,4.7,2,8.55,2.55
TXN-10449,2023-10-08 10:00:00,Branch B,Los Angeles,CUST-1226,Normal,Female,31,Tablet,Electronics,4,300,0.0,Credit Card,2.3,200,1200.0,400.0
TXN-10450,2023-11-12 13:00:00,Branch A,New York,CUST-1562,Normal,Male,25,Milk,Groceries,15,3,0.05,Credit Card,3.9,2,42.75,12.75
TXN-10451,2023-02-07 13:00:00,Branch C,Chicago,CUST-1240,Normal,Male,34,Smartphone,Electronics,8,600,0.03,Credit Card,4.3,400,4656.0,1456.0
TXN-10452,2023-02-21 13:00:00,Branch A,New York,CUST-1313,Normal,Male,30,Tablet,Electronics,8,300,0.0,Credit Card,4.2,200,2400.0,800.0
TXN-10453,2023-12-22 18:00:00,Branch A,New York,CUST-1804,Normal,Male,54,Plant Pot,Home & Garden,6,15,0.03,Credit Card,3.6,5,87.3,57.3
TXN-10454,2023-04-24 20:00:00,Branch A,New York,CUST-1491,Member,Female,35,Plant Pot,Home & Garden,3,15,0.12,Credit Card,4.2,5,39.6,24.6
TXN-10455,2023-08-25 16:00:00,Branch A,New York,CUST-1861,Normal,Female,37,Tool Set,Home & Garden,2,85,0.0,E-Wallet,4.2,40,170.0,90.0
TXN-10456,2023-05-24 11:00:00,Branch C,Chicago,CUST-1832,Member,Male,34,Laptop,Electronics,1,800,0.13,Credit Card,4.8,600,696.0,96.0
TXN-10457,2023-10-25 18:00:00,Branch C,Chicago,CUST-1483,Normal,Female,55,T-Shirt,Clothing,5,25,0.0,Credit Card,5.0,10,125.0,75.0
TXN-10458,2023-12-01 11:00:00,Branch B,Los Angeles,CUST-1372,Member,Female,43,Jeans,Clothing,5,50,0.06,E-Wallet,4.5,20,235.0,135.0
TXN-10459,2023-09-15 09:00:00,Branch C,Chicago,CUST-1579,Member,Male,57,Jeans,Clothing,8,50,0.07,Cash,4.6,20,372.0,212.0
TXN-10460,2023-12-04 11:00:00,Branch A,New York,CUST-1239,Normal,Female,40,Desk Lamp,Home & Garden,4,35,0.03,Credit Card,3.5,15,135.8,75.8
TXN-10461,2023-01-22 19:00:00,Branch B,Los Angeles,CUST-1991,Normal,Male,51,Bread,Groceries,10,4,0.05,Credit Card,2.2,2,38.0,18.0
TXN-10462,2023-09-24 19:00:00,Branch B,Los Angeles,CUST-1079,Normal,Female,65,Jacket,Clothing,3,100,0.0,Credit Card,3.8,40,300.0,180.0
TXN-10463,2023-09-22 13:00:00,Branch B,Los Angeles,CUST-1142,Normal,Female,32,Coffee Beans,Groceries,8,15,0.0,Credit Card,3.0,8,120.0,56.0
TXN-10464,2023-08-14 11:00:00,Branch A,New York,CUST-1616,Normal,Male,22,Tablet,Electronics,4,300,0.0,Credit Card,3.3,200,1200.0,400.0
TXN-10465,2023-03-02 19:00:00,Branch C,Chicago,CUST-1165,Member,Male,44,Organic Apples,Groceries,13,5,0.1,Credit Card,3.9,3,58.5,19.5
TXN-10466,2023-11-28 15:00:00,Branch C,Chicago,CUST-1912,Member,Male,33,Smartphone,Electronics,3,600,0.06,Credit Card,4.5,400,1692.0,492.0
TXN-10467,2023-10-21 11:00:00,Branch B,Los Angeles,CUST-1899,Member,Male,28,Jacket,Clothing,3,100,0.1,Credit Card,3.8,40,270.0,150.0
TXN-10468,2023-12-05 13:00:00,Branch B,Los Angeles,CUST-1840,Member,Male,31,Coffee Beans,Groceries,10,15,0.07,Cash,4.1,8,139.5,59.5
TXN-10469,2023-04-04 18:00:00,Branch C,Chicago,CUST-1016,Member,Female,28,Coffee Beans,Groceries,6,15,0.09,E-Wallet,3.8,8,81.9,33.9
TXN-10470,2023-04-14 17:00:00,Branch A,New York,CUST-1039,Member,Female,27,Laptop,Electronics,3,800,0.1,E-Wallet,4.7,600,2160.0,360.0
TXN-10471,2023-09-30 17:00:00,Branch C,Chicago,CUST-1664,Member,Male,23,Office Chair,Home & Garden,1,120,0.14,Credit Card,5.0,60,103.2,43.2
TXN-10472,2023-08-09 17:00:00,Branch C,Chicago,CUST-1358,Normal,Female,41,Headphones,Electronics,4,100,0.03,Credit Card,4.5,50,388.0,188.0
TXN-10473,2023-10-29 20:00:00,Branch A,New York,CUST-1612,Normal,Male,45,Milk,Groceries,10,3,0.05,Cash,3.2,2,28.5,8.5
TXN-10474,2023-10-06 15:00:00,Branch B,Los Angeles,CUST-1210,Member,Female,30,Organic Apples,Groceries,12,5,0.1,Cash,4.5,3,54.0,18.0
TXN-10475,2023-12-19 14:00:00,Branch B,Los Angeles,CUST-1374,Normal,Female,41,Organic Apples,Groceries,9,5,0.0,Cash,2.8,3,45.0,18.0
TXN-10476,2023-11-10 13:00:00,Branch B,Los Angeles,CUST-1314,Normal,Female,31,Sneakers,Clothing,8,80,0.0,Credit Card,4.1,30,640.0,400.0
TXN-10477,2023-10-23 14:00:00,Branch C,Chicago,CUST-1165,Member,Female,65,T-Shirt,Clothing,4,25,0.09,E-Wallet,4.9,10,91.0,51.0
TXN-10478,2023-02-21 12:00:00,Branch B,Los Angeles,CUST-1482,Member,Female,39,Laptop,Electronics,3,800,0.09,Credit Card,4.1,600,2184.0,384.0
TXN-10479,2023-11-04 15:00:00,Branch C,Chicago,CUST-1953,Normal,Male,22,Milk,Groceries,4,3,0.0,Credit Card,4.4,2,12.0,4.0
TXN-10480,2023-07-25 18:00:00,Branch A,New York,CUST-1206,Member,Female,63,Laptop,Electronics,3,800,0.11,Credit Card,4.4,600,2136.0,336.0
TXN-10481,2023-12-03 17:00:00,Branch A,New York,CUST-1244,Normal,Female,30,Organic Apples,Groceries,12,5,0.0,E-Wallet,3.1,3,60.0,24.0
TXN-10482,2023-12-02 09:00:00,Branch C,Chicago,CUST-1530,Normal,Male,23,Coffee Beans,Groceries,13,15,0.0,Credit Card,4.2,8,195.0,91.0
TXN-10483,2023-01-08 20:00:00,Branch B,Los Angeles,CUST-1986,Normal,Male,23,Jacket,Clothing,6,100,0.0,E-Wallet,4.6,40,600.0,360.0
TXN-10484,2023-04-10 16:00:00,Branch A,New York,CUST-1572,Normal,Female,54,T-Shirt,Clothing,5,25,0.0,Cash,4.0,10,125.0,75.0
TXN-10485,2023-02-07 17:00:00,Branch A,New York,CUST-1588,Member,Female,39,Laptop,Electronics,5,800,0.14,E-Wallet,5.0,600,3440.0,440.0
TXN-10486,2023-05-09 20:00:00,Branch A,New York,CUST-1471,Normal,Female,42,Headphones,Electronics,4,100,0.05,E-Wallet,3.9,50,380.0,180.0
TXN-10487,2023-10-28 09:00:00,Branch A,New York,CUST-1225,Normal,Female,25,Plant Pot,Home & Garden,2,15,0.0,E-Wallet,4.6,5,30.0,20.0
TXN-10488,2023-12-13 20:00:00,Branch A,New York,CUST-1852,Normal,Male,38,Sneakers,Clothing,6,80,0.0,Credit Card,3.0,30,480.0,300.0
TXN-10489,2023-05-15 12:00:00,Branch A,New York,CUST-1321,Member,Female,23,Coffee Beans,Groceries,4,15,0.11,Credit Card,3.9,8,53.4,21.4
TXN-10490,2023-07-01 12:00:00,Branch A,New York,CUST-1893,Normal,Female,29,Milk,Groceries,14,3,0.0,Cash,4.5,2,42.0,14.0
TXN-10491,2023-05-16 12:00:00,Branch B,Los Angeles,CUST-1978,Member,Male,30,Milk,Groceries,5,3,0.13,Credit Card,3.7,2,13.05,3.05
TXN-10492,2023-12-06 16:00:00,Branch C,Chicago,CUST-1902,Member,Male,52,Headphones,Electronics,6,100,0.11,Credit Card,4.5,50,534.0,234.0
TXN-10493,2023-10-22 13:00:00,Branch A,New York,CUST-1055,Member,Female,29,Plant Pot,Home & Garden,7,15,0.07,Credit Card,4.7,5,97.65,62.65
TXN-10494,2023-09-27 15:00:00,Branch A,New York,CUST-1178,Normal,Female,52,T-Shirt,Clothing,6,25,0.0,Credit Card,4.4,10,150.0,90.0
TXN-10495,2023-08-23 10:00:00,Branch A,New York,CUST-1103,Normal,Female,38,Laptop,Electronics,1,800,0.0,E-Wallet,3.8,600,800.0,200.0
TXN-10496,2023-06-16 14:00:00,Branch A,New York,CUST-1351,Normal,Female,29,Jacket,Clothing,4,100,0.0,Credit Card,4.9,40,400.0,240.0
TXN-10497,2023-07-07 11:00:00,Branch C,Chicago,CUST-1461,Member,Female,45,Sneakers,Clothing,6,80,0.09,Credit Card,4.3,30,436.8,256.8
TXN-10498,2023-04-03 18:00:00,Branch C,Chicago,CUST-1200,Normal,Male,54,T-Shirt,Clothing,5,25,0.04,E-Wallet,4.7,10,120.0,70.0
TXN-10499,2023-03-16 20:00:00,Branch A,New York,CUST-1914,Normal,Male,48,Laptop,Electronics,3,800,0.0,E-Wallet,3.3,600,2400.0,600.0
TXN-10500,2023-11-19 17:00:00,Branch A,New York,CUST-1407,Normal,Female,49,Tablet,Electronics,5,300,0.0,Credit Card,4.1,200,1500.0,500.0
TXN-10501,2023-02-20 20:00:00,Branch C,Chicago,CUST-1266,Normal,Male,21,Jacket,Clothing,8,100,0.02,Credit Card,4.5,40,784.0,464.0
TXN-10502,2023-07-04 14:00:00,Branch A,New York,CUST-1986,Member,Female,40,Laptop,Electronics,7,800,0.06,Credit Card,5.0,600,5264.0,1064.0
TXN-10503,2023-11-07 12:00:00,Branch B,Los Angeles,CUST-1390,Member,Male,36,Plant Pot,Home & Garden,6,15,0.12,Credit Card,4.3,5,79.2,49.2
TXN-10504,2023-11-11 13:00:00,Branch A,New York,CUST-1431,Normal,Female,58,Jeans,Clothing,3,50,0.0,Cash,4.9,20,150.0,90.0
TXN-10505,2023-11-20 18:00:00,Branch B,Los Angeles,CUST-1619,Normal,Female,22,T-Shirt,Clothing,3,25,0.0,E-Wallet,3.4,10,75.0,45.0
TXN-10506,2023-11-27 15:00:00,Branch C,Chicago,CUST-1745,Normal,Female,46,Coffee Beans,Groceries,5,15,0.0,Credit Card,3.0,8,75.0,35.0
TXN-10507,2023-05-01 19:00:00,Branch A,New York,CUST-1065,Normal,Female,65,T-Shirt,Clothing,4,25,0.0,Cash,3.2,10,100.0,60.0
TXN-10508,2023-08-31 17:00:00,Branch B,Los Angeles,CUST-1953,Normal,Male,19,Sneakers,Clothing,2,80,0.0,Cash,4.2,30,160.0,100.0
TXN-10509,2023-07-19 13:00:00,Branch C,Chicago,CUST-1035,Member,Male,33,Coffee Beans,Groceries,5,15,0.1,Credit Card,3.8,8,67.5,27.5
TXN-10510,2023-12-06 14:00:00,Branch A,New York,CUST-1714,Member,Female,48,Coffee Beans,Groceries,11,15,0.09,Credit Card,5.0,8,150.15,62.15
TXN-10511,2023-10-04 11:00:00,Branch A,New York,CUST-1091,Normal,Female,58,Tool Set,Home & Garden,5,85,0.03,E-Wallet,3.5,40,412.25,212.25
TXN-10512,2023-08-15 13:00:00,Branch A,New York,CUST-1834,Normal,Female,44,Plant Pot,Home & Garden,3,15,0.0,Credit Card,3.0,5,45.0,30.0
TXN-10513,2023-03-11 14:00:00,Branch A,New York,CUST-1009,Member,Female,48,T-Shirt,Clothing,8,25,0.14,E-Wallet,4.5,10,172.0,92.0
TXN-10514,2023-08-09 13:00:00,Branch B,Los Angeles,CUST-1167,Normal,Male,18,Jacket,Clothing,4,100,0.0,Credit Card,4.1,40,400.0,240.0
TXN-10515,2023-11-27 15:00:00,Branch C,Chicago,CUST-1931,Member,Female,32,Organic Apples,Groceries,13,5,0.07,Credit Card,5.0,3,60.45,21.45
TXN-10516,2023-11-10 20:00:00,Branch C,Chicago,CUST-1652,Member,Female,36,Coffee Beans,Groceries,4,15,0.07,Credit Card,4.1,8,55.8,23.8
TXN-10517,2023-08-22 18:00:00,Branch A,New York,CUST-1992,Normal,Female,35,Sneakers,Clothing,4,80,0.0,Credit Card,3.3,30,320.0,200.0
TXN-10518,2023-10-01 09:00:00,Branch C,Chicago,CUST-1092,Member,Male,24,Bread,Groceries,14,4,0.09,E-Wallet,3.5,2,50.96,22.96
TXN-10519,2023-03-19 09:00:00,Branch B,Los Angeles,CUST-1713,Member,Female,31,Bread,Groceries,7,4,0.13,Credit Card,4.5,2,24.36,10.36
TXN-10520,2023-01-17 14:00:00,Branch A,New York,CUST-1196,Normal,Male,27,Desk Lamp,Home & Garden,5,35,0.02,Credit Card,3.9,15,171.5,96.5
TXN-10521,2023-05-09 15:00:00,Branch C,Chicago,CUST-1203,Member,Male,25,Sneakers,Clothing,8,80,0.07,Credit Card,5.0,30,595.2,355.2
TXN-10522,2023-08-24 20:00:00,Branch C,Chicago,CUST-1330,Normal,Male,51,Sneakers,Clothing,7,80,0.0,Credit Card,3.6,30,560.0,350.0
TXN-10523,2023-03-23 19:00:00,Branch B,Los Angeles,CUST-1053,Member,Male,65,Desk Lamp,Home & Garden,5,35,0.1,E-Wallet,4.1,15,157.5,82.5
TXN-10524,2023-12-08 12:00:00,Branch B,Los Angeles,CUST-1248,Normal,Male,33,Sneakers,Clothing,6,80,0.0,E-Wallet,2.8,30,480.0,300.0
TXN-10525,2023-01-05 09:00:00,Branch B,Los Angeles,CUST-1992,Normal,Female,62,Jeans,Clothing,6,50,0.03,E-Wallet,2.7,20,291.0,171.0
TXN-10526,2023-11-17 09:00:00,Branch A,New York,CUST-1571,Member,Male,40,Smartphone,Electronics,2,600,0.06,Credit Card,4.0,400,1128.0,328.0
TXN-10527,2023-11-27 14:00:00,Branch C,Chicago,CUST-1920,Normal,Female,64,T-Shirt,Clothing,7,25,0.0,Cash,3.3,10,175.0,105.0
TXN-10528,2023-01-21 16:00:00,Branch C,Chicago,CUST-1749,Member,Female,53,Coffee Beans,Groceries,12,15,0.07,E-Wallet,4.2,8,167.4,71.4
TXN-10529,2023-08-28 13:00:00,Branch C,Chicago,CUST-1794,Normal,Male,22,Sneakers,Clothing,5,80,0.04,Credit Card,3.9,30,384.0,234.0
TXN-10530,2023-11-23 17:00:00,Branch A,New York,CUST-1635,Normal,Female,64,Office Chair,Home & Garden,1,120,0.0,Credit Card,3.7,60,120.0,60.0
TXN-10531,2023-05-03 14:00:00,Branch A,New York,CUST-1564,Normal,Male,60,Tool Set,Home & Garden,4,85,0.0,Credit Card,4.0,40,340.0,180.0
TXN-10532,2023-03-20 18:00:00,Branch A,New York,CUST-1068,Normal,Female,38,Tool Set,Home & Garden,6,85,0.0,Credit Card,4.0,40,510.0,270.0
TXN-10533,2023-01-23 11:00:00,Branch A,New York,CUST-1584,Member,Male,20,Jeans,Clothing,2,50,0.1,Credit Card,3.7,20,90.0,50.0
TXN-10534,2023-11-25 15:00:00,Branch B,Los Angeles,CUST-1952,Normal,Female,51,Jacket,Clothing,1,100,0.0,E-Wallet,4.2,40,100.0,60.0
TXN-10535,2023-04-17 19:00:00,Branch B,Los Angeles,CUST-1377,Normal,Female,23,Coffee Beans,Groceries,8,15,0.0,Cash,4.9,8,120.0,56.0
TXN-10536,2023-12-29 09:00:00,Branch B,Los Angeles,CUST-1236,Member,Female,51,Organic Apples,Groceries,7,5,0.06,Cash,2.7,3,32.9,11.9
TXN-10537,2023-09-30 15:00:00,Branch A,New York,CUST-1764,Normal,Male,30,Smartphone,Electronics,3,600,0.0,Credit Card,4.1,400,1800.0,600.0
TXN-10538,2023-02-24 19:00:00,Branch B,Los Angeles,CUST-1345,Normal,Female,61,Sneakers,Clothing,7,80,0.03,Credit Card,3.4,30,543.2,333.2
TXN-10539,2023-12-03 11:00:00,Branch A,New York,CUST-1845,Member,Female,40,Bread,Groceries,8,4,0.09,E-Wallet,4.8,2,29.12,13.12
TXN-10540,2023-06-15 18:00:00,Branch C,Chicago,CUST-1982,Normal,Male,54,Sneakers,Clothing,5,80,0.0,Credit Card,3.9,30,400.0,250.0
TXN-10541,2023-07-23 09:00:00,Branch B,Los Angeles,CUST-1227,Member,Male,36,Desk Lamp,Home & Garden,3,35,0.15,Credit Card,4.1,15,89.25,44.25
TXN-10542,2023-04-20 14:00:00,Branch B,Los Angeles,CUST-1271,Member,Male,62,Jacket,Clothing,3,100,0.06,Credit Card,4.4,40,282.0,162.0
TXN-10543,2023-07-07 18:00:00,Branch C,Chicago,CUST-1751,Normal,Male,32,Bread,Groceries,12,4,0.0,Credit Card,4.8,2,48.0,24.0
TXN-10544,2023-02-09 20:00:00,Branch C,Chicago,CUST-1748,Member,Female,48,Sneakers,Clothing,2,80,0.11,Credit Card,4.1,30,142.4,82.4
TXN-10545,2023-10-23 15:00:00,Branch A,New York,CUST-1123,Normal,Male,21,Plant Pot,Home & Garden,6,15,0.03,Credit Card,4.9,5,87.3,57.3
TXN-10546,2023-04-27 20:00:00,Branch C,Chicago,CUST-1578,Member,Male,58,Desk Lamp,Home & Garden,5,35,0.1,E-Wallet,4.1,15,157.5,82.5
TXN-10547,2023-03-18 14:00:00,Branch C,Chicago,CUST-1442,Normal,Male,27,Headphones,Electronics,8,100,0.04,E-Wallet,3.2,50,768.0,368.0
TXN-10548,2023-05-29 15:00:00,Branch C,Chicago,CUST-1268,Member,Male,26,Organic Apples,Groceries,12,5,0.12,E-Wallet,4.6,3,52.8,16.8
TXN-10549,2023-02-13 15:00:00,Branch A,New York,CUST-1404,Normal,Female,62,Smartphone,Electronics,3,600,0.0,Credit Card,3.4,400,1800.0,600.0
TXN-10550,2023-11-30 18:00:00,Branch A,New York,CUST-1331,Member,Male,53,Smartphone,Electronics,4,600,0.06,Credit Card,5.0,400,2256.0,656.0
TXN-10551,2023-12-17 18:00:00,Branch B,Los Angeles,CUST-1671,Member,Male,25,Sneakers,Clothing,7,80,0.09,Credit Card,3.9,30,509.6,299.6
TXN-10552,2023-01-13 13:00:00,Branch C,Chicago,CUST-1204,Normal,Male,40,Office Chair,Home & Garden,8,120,0.0,Credit Card,4.6,60,960.0,480.0
TXN-10553,2023-12-17 14:00:00,Branch C,Chicago,CUST-1151,Member,Male,64,Laptop,Electronics,1,800,0.07,Credit Card,4.7,600,744.0,144.0
TXN-10554,2023-05-28 09:00:00,Branch C,Chicago,CUST-1757,Member,Female,62,Tablet,Electronics,8,300,0.1,E-Wallet,4.2,200,2160.0,560.0
TXN-10555,2023-10-03 12:00:00,Branch C,Chicago,CUST-1596,Normal,Male,52,Coffee Beans,Groceries,14,15,0.0,Cash,3.0,8,210.0,98.0
TXN-10556,2023-12-06 17:00:00,Branch C,Chicago,CUST-1277,Normal,Male,34,T-Shirt,Clothing,5,25,0.0,Cash,4.4,10,125.0,75.0
TXN-10557,2023-01-28 16:00:00,Branch A,New York,CUST-1019,Normal,Male,22,Coffee Beans,Groceries,13,15,0.04,E-Wallet,4.7,8,187.2,83.2
TXN-10558,2023-05-30 19:00:00,Branch C,Chicago,CUST-1090,Normal,Female,32,Desk Lamp,Home & Garden,6,35,0.0,Credit Card,4.2,15,210.0,120.0
TXN-10559,2023-04-06 12:00:00,Branch A,New York,CUST-1341,Member,Female,53,T-Shirt,Clothing,1,25,0.07,Credit Card,4.6,10,23.25,13.25
TXN-10560,2023-09-08 15:00:00,Branch B,Los Angeles,CUST-1282,Normal,Male,19,Jacket,Clothing,6,100,0.0,Credit Card,4.0,40,600.0,360.0
TXN-10561,2023-02-01 19:00:00,Branch B,Los Angeles,CUST-1140,Normal,Female,42,T-Shirt,Clothing,5,25,0.0,Credit Card,3.7,10,125.0,75.0
TXN-10562,2023-02-14 20:00:00,Branch A,New York,CUST-1993,Member,Female,51,Jeans,Clothing,7,50,0.07,Credit Card,3.8,20,325.5,185.5
TXN-10563,2023-06-09 18:00:00,Branch C,Chicago,CUST-1207,Normal,Female,46,Jeans,Clothing,3,50,0.0,Credit Card,4.4,20,150.0,90.0
TXN-10564,2023-03-12 13:00:00,Branch B,Los Angeles,CUST-1325,Normal,Male,45,Smartphone,Electronics,3,600,0.0,Credit Card,2.2,400,1800.0,600.0
TXN-10565,2023-03-16 20:00:00,Branch B,Los Angeles,CUST-1756,Member,Male,38,Sneakers,Clothing,7,80,0.08,E-Wallet,3.8,30,515.2,305.2
TXN-10566,2023-05-21 11:00:00,Branch A,New York,CUST-1631,Normal,Male,24,Smartphone,Electronics,3,600,0.0,Credit Card,5.0,400,1800.0,600.0
TXN-10567,2023-05-17 18:00:00,Branch A,New York,CUST-1704,Normal,Male,56,Smartphone,Electronics,4,600,0.0,Credit Card,3.7,400,2400.0,800.0
TXN-10568,2023-09-02 11:00:00,Branch A,New York,CUST-1140,Member,Female,63,Tablet,Electronics,3,300,0.14,Credit Card,4.5,200,774.0,174.0
TXN-10569,2023-03-25 12:00:00,Branch B,Los Angeles,CUST-1687,Member,Male,20,Tool Set,Home & Garden,1,85,0.14,Credit Card,5.0,40,73.1,33.1
TXN-10570,2023-04-14 12:00:00,Branch A,New York,CUST-1908,Normal,Male,29,Headphones,Electronics,8,100,0.0,Credit Card,4.7,50,800.0,400.0
TXN-10571,2023-05-07 15:00:00,Branch C,Chicago,CUST-1608,Normal,Female,20,Plant Pot,Home & Garden,7,15,0.0,Credit Card,4.5,5,105.0,70.0
TXN-10572,2023-10-02 17:00:00,Branch C,Chicago,CUST-1251,Member,Male,51,Headphones,Electronics,8,100,0.13,Credit Card,3.6,50,696.0,296.0
TXN-10573,2023-09-23 17:00:00,Branch A,New York,CUST-1050,Normal,Female,65,Desk Lamp,Home & Garden,7,35,0.0,Credit Card,4.3,15,245.0,140.0
TXN-10574,2023-04-08 13:00:00,Branch B,Los Angeles,CUST-1529,Member,Female,43,Plant Pot,Home & Garden,5,15,0.1,E-Wallet,2.6,5,67.5,42.5
TXN-10575,2023-03-14 16:00:00,Branch C,Chicago,CUST-1025,Member,Female,23,Smartphone,Electronics,3,600,0.09,Credit Card,4.1,400,1638.0,438.0
TXN-10576,2023-04-02 16:00:00,Branch A,New York,CUST-1815,Member,Male,47,Organic Apples,Groceries,8,5,0.12,Credit Card,5.0,3,35.2,11.2
TXN-10577,2023-03-25 20:00:00,Branch A,New York,CUST-1724,Member,Male,23,T-Shirt,Clothing,8,25,0.11,Credit Card,3.7,10,178.0,98.0
TXN-10578,2023-07-16 20:00:00,Branch A,New York,CUST-1892,Normal,Male,42,Coffee Beans,Groceries,15,15,0.0,Cash,3.7,8,225.0,105.0
TXN-10579,2023-12-04 11:00:00,Branch A,New York,CUST-1787,Member,Male,27,Office Chair,Home & Garden,1,120,0.09,Credit Card,4.1,60,109.2,49.2
TXN-10580,2023-08-17 13:00:00,Branch B,Los Angeles,CUST-1509,Member,Male,25,Jeans,Clothing,4,50,0.05,Cash,5.0,20,190.0,110.0
TXN-10581,2023-09-13 17:00:00,Branch B,Los Angeles,CUST-1081,Normal,Male,56,Coffee Beans,Groceries,6,15,0.0,E-Wallet,4.0,8,90.0,42.0
TXN-10582,2023-11-04 18:00:00,Branch C,Chicago,CUST-1037,Member,Male,33,Milk,Groceries,5,3,0.06,E-Wallet,4.8,2,14.1,4.1
TXN-10583,2023-03-16 09:00:00,Branch A,New York,CUST-1165,Normal,Female,39,Laptop,Electronics,1,800,0.0,Credit Card,5.0,600,800.0,200.0
TXN-10584,2023-12-11 13:00:00,Branch A,New York,CUST-1377,Normal,Male,47,Jacket,Clothing,1,100,0.0,Cash,3.6,40,100.0,60.0
TXN-10585,2023-07-14 10:00:00,Branch A,New York,CUST-1880,Normal,Female,53,Laptop,Electronics,5,800,0.0,Credit Card,3.2,600,4000.0,1000.0
TXN-10586,2023-05-21 14:00:00,Branch C,Chicago,CUST-1644,Normal,Female,51,Jeans,Clothing,1,50,0.0,Credit Card,4.5,20,50.0,30.0
TXN-10587,2023-09-28 10:00:00,Branch B,Los Angeles,CUST-1362,Member,Female,64,Jacket,Clothing,7,100,0.11,Credit Card,4.5,40,623.0,343.0
TXN-10588,2023-03-08 18:00:00,Branch C,Chicago,CUST-1198,Normal,Female,51,Tool Set,Home & Garden,3,85,0.03,E-Wallet,3.6,40,247.35,127.35
TXN-10589,2023-01-01 10:00:00,Branch C,Chicago,CUST-1573,Normal,Male,47,Smartphone,Electronics,7,600,0.0,Credit Card,3.7,400,4200.0,1400.0
TXN-10590,2023-11-23 12:00:00,Branch A,New York,CUST-1331,Normal,Male,58,Milk,Groceries,7,3,0.03,Credit Card,4.0,2,20.37,6.37
TXN-10591,2023-01-04 10:00:00,Branch A,New York,CUST-1853,Member,Female,39,Sneakers,Clothing,1,80,0.13,Cash,3.9,30,69.6,39.6
TXN-10592,2023-06-23 19:00:00,Branch C,Chicago,CUST-1885,Member,Female,48,Smartphone,Electronics,8,600,0.07,Credit Card,4.4,400,4464.0,1264.0
TXN-10593,2023-10-02 14:00:00,Branch B,Los Angeles,CUST-1591,Normal,Female,44,T-Shirt,Clothing,5,25,0.0,Cash,2.0,10,125.0,75.0
TXN-10594,2023-12-17 14:00:00,Branch A,New York,CUST-1547,Member,Female,22,Milk,Groceries,3,3,0.08,Credit Card,4.3,2,8.28,2.28
TXN-10595,2023-03-26 18:00:00,Branch A,New York,CUST-1032,Member,Female,29,Desk Lamp,Home & Garden,5,35,0.12,Credit Card,4.1,15,154.0,79.0
TXN-10596,2023-05-20 15:00:00,Branch B,Los Angeles,CUST-1309,Member,Male,49,Jeans,Clothing,6,50,0.1,Cash,5.0,20,270.0,150.0
TXN-10597,2023-03-31 10:00:00,Branch B,Los Angeles,CUST-1512,Normal,Female,20,Jeans,Clothing,2,50,0.0,Cash,3.0,20,100.0,60.0
TXN-10598,2023-03-20 12:00:00,Branch A,New York,CUST-1841,Member,Female,48,Tablet,Electronics,6,300,0.06,Credit Card,5.0,200,1692.0,492.0
TXN-10599,2023-09-22 19:00:00,Branch B,Los Angeles,CUST-1318,Member,Male,31,Desk Lamp,Home & Garden,8,35,0.09,Cash,5.0,15,254.8,134.8
TXN-10600,2023-01-23 19:00:00,Branch C,Chicago,CUST-1319,Member,Male,39,Desk Lamp,Home & Garden,2,35,0.1,E-Wallet,4.8,15,63.0,33.0
TXN-10601,2023-01-12 18:00:00,Branch B,Los Angeles,CUST-1687,Normal,Female,58,Office Chair,Home & Garden,6,120,0.0,E-Wallet,3.5,60,720.0,360.0
TXN-10602,2023-03-02 13:00:00,Branch A,New York,CUST-1526,Member,Male,28,Tablet,Electronics,2,300,0.05,Credit Card,4.7,200,570.0,170.0
TXN-10603,2023-02-22 12:00:00,Branch B,Los Angeles,CUST-1318,Normal,Female,53,Bread,Groceries,5,4,0.04,E-Wallet,4.1,2,19.2,9.2
TXN-10604,2023-11-10 14:00:00,Branch A,New York,CUST-1108,Member,Female,21,Smartphone,Electronics,1,600,0.1,Credit Card,4.9,400,540.0,140.0
TXN-10605,2023-07-16 09:00:00,Branch A,New York,CUST-1644,Member,Male,45,Tool Set,Home & Garden,3,85,0.12,Credit Card,5.0,40,224.4,104.4
TXN-10606,2023-12-20 20:00:00,Branch A,New York,CUST-1776,Normal,Female,57,Tablet,Electronics,5,300,0.0,Credit Card,3.4,200,1500.0,500.0
TXN-10607,2023-12-10 17:00:00,Branch B,Los Angeles,CUST-1700,Normal,Male,47,Office Chair,Home & Garden,2,120,0.05,E-Wallet,3.9,60,228.0,108.0
TXN-10608,2023-11-26 20:00:00,Branch B,Los Angeles,CUST-1716,Normal,Female,48,Milk,Groceries,5,3,0.04,Credit Card,4.8,2,14.4,4.4
TXN-10609,2023-12-07 14:00:00,Branch A,New York,CUST-1490,Member,Female,47,Sneakers,Clothing,1,80,0.06,Credit Card,3.7,30,75.2,45.2
TXN-10610,2023-08-25 11:00:00,Branch A,New York,CUST-1109,Normal,Female,40,Office Chair,Home & Garden,2,120,0.0,Credit Card,4.4,60,240.0,120.0
TXN-10611,2023-06-16 17:00:00,Branch B,Los Angeles,CUST-1162,Normal,Male,37,Sneakers,Clothing,7,80,0.0,Credit Card,3.5,30,560.0,350.0
TXN-10612,2023-09-04 15:00:00,Branch C,Chicago,CUST-1710,Member,Male,39,Sneakers,Clothing,7,80,0.11,E-Wallet,4.2,30,498.4,288.4
TXN-10613,2023-05-01 11:00:00,Branch A,New York,CUST-1568,Normal,Male,65,Tool Set,Home & Garden,2,85,0.0,Credit Card,3.9,40,170.0,90.0
TXN-10614,2023-02-19 16:00:00,Branch C,Chicago,CUST-1839,Normal,Male,37,Desk Lamp,Home & Garden,2,35,0.0,Credit Card,4.2,15,70.0,40.0
TXN-10615,2023-07-14 14:00:00,Branch A,New York,CUST-1924,Member,Female,59,Organic Apples,Groceries,6,5,0.13,Credit Card,5.0,3,26.1,8.1
TXN-10616,2023-11-22 09:00:00,Branch B,Los Angeles,CUST-1697,Normal,Male,60,Jeans,Clothing,8,50,0.0,E-Wallet,2.4,20,400.0,240.0
TXN-10617,2023-06-12 13:00:00,Branch C,Chicago,CUST-1301,Normal,Female,45,Organic Apples,Groceries,12,5,0.03,E-Wallet,3.3,3,58.2,22.2
TXN-10618,2023-02-01 14:00:00,Branch C,Chicago,CUST-1403,Normal,Male,18,Organic Apples,Groceries,3,5,0.0,E-Wallet,4.4,3,15.0,6.0
TXN-10619,2023-11-17 14:00:00,Branch A,New York,CUST-1486,Member,Female,43,Tool Set,Home & Garden,7,85,0.1,E-Wallet,4.8,40,535.5,255.5
TXN-10620,2023-03-13 12:00:00,Branch C,Chicago,CUST-1137,Member,Female,41,Office Chair,Home & Garden,5,120,0.15,Credit Card,4.8,60,510.0,210.0
TXN-10621,2023-01-06 10:00:00,Branch B,Los Angeles,CUST-1915,Normal,Male,27,Tool Set,Home & Garden,7,85,0.02,Credit Card,3.7,40,583.1,303.1
TXN-10622,2023-12-23 18:00:00,Branch B,Los Angeles,CUST-1231,Normal,Female,57,Milk,Groceries,11,3,0.0,Cash,4.6,2,33.0,11.0
TXN-10623,2023-04-06 15:00:00,Branch A,New York,CUST-1948,Member,Male,54,Tool Set,Home & Garden,4,85,0.12,Credit Card,4.0,40,299.2,139.2
TXN-10624,2023-10-07 18:00:00,Branch A,New York,CUST-1707,Normal,Female,20,Laptop,Electronics,8,800,0.02,Credit Card,4.0,600,6272.0,1472.0
TXN-10625,2023-02-10 11:00:00,Branch C,Chicago,CUST-1983,Member,Female,47,Laptop,Electronics,4,800,0.1,Credit Card,5.0,600,2880.0,480.0
TXN-10626,2023-12-09 10:00:00,Branch C,Chicago,CUST-1480,Normal,Female,57,Tablet,Electronics,1,300,0.0,Cash,4.0,200,300.0,100.0
TXN-10627,2023-10-21 20:00:00,Branch C,Chicago,CUST-1767,Normal,Female,44,Bread,Groceries,5,4,0.0,Credit Card,4.8,2,20.0,10.0
TXN-10628,2023-06-05 20:00:00,Branch C,Chicago,CUST-1755,Normal,Female,21,Office Chair,Home & Garden,1,120,0.0,Credit Card,3.6,60,120.0,60.0
TXN-10629,2023-11-16 09:00:00,Branch A,New York,CUST-1284,Normal,Female,49,Laptop,Electronics,3,800,0.0,Credit Card,4.7,600,2400.0,600.0
TXN-10630,2023-05-10 11:00:00,Branch A,New York,CUST-1931,Member,Female,35,Tablet,Electronics,1,300,0.12,E-Wallet,4.7,200,264.0,64.0
TXN-10631,2023-10-30 20:00:00,Branch C,Chicago,CUST-1496,Member,Male,60,Plant Pot,Home & Garden,3,15,0.08,E-Wallet,4.9,5,41.4,26.4
TXN-10632,2023-04-03 17:00:00,Branch B,Los Angeles,CUST-1422,Member,Male,39,Laptop,Electronics,3,800,0.11,Credit Card,4.0,600,2136.0,336.0
TXN-10633,2023-07-16 12:00:00,Branch C,Chicago,CUST-1839,Member,Female,64,Jeans,Clothing,6,50,0.06,Cash,4.0,20,282.0,162.0
TXN-10634,2023-03-01 09:00:00,Branch A,New York,CUST-1770,Member,Male,47,Headphones,Electronics,8,100,0.08,E-Wallet,5.0,50,736.0,336.0
TXN-10635,2023-09-30 12:00:00,Branch C,Chicago,CUST-1012,Normal,Female,61,Tool Set,Home & Garden,5,85,0.0,E-Wallet,4.7,40,425.0,225.0
TXN-10636,2023-05-28 16:00:00,Branch A,New York,CUST-1362,Normal,Female,61,Tablet,Electronics,1,300,0.0,Credit Card,4.1,200,300.0,100.0
TXN-10637,2023-08-10 18:00:00,Branch C,Chicago,CUST-1791,Normal,Female,39,Bread,Groceries,7,4,0.0,Credit Card,3.8,2,28.0,14.0
TXN-10638,2023-12-12 20:00:00,Branch B,Los Angeles,CUST-1010,Member,Male,64,Office Chair,Home & Garden,6,120,0.12,Credit Card,5.0,60,633.6,273.6
TXN-10639,2023-12-11 09:00:00,Branch B,Los Angeles,CUST-1742,Normal,Male,18,Headphones,Electronics,2,100,0.0,Credit Card,4.4,50,200.0,100.0
TXN-10640,2023-05-26 13:00:00,Branch A,New York,CUST-1915,Normal,Male,20,Desk Lamp,Home & Garden,2,35,0.0,E-Wallet,4.2,15,70.0,40.0
TXN-10641,2023-04-22 18:00:00,Branch B,Los Angeles,CUST-1990,Normal,Male,63,T-Shirt,Clothing,2,25,0.02,Credit Card,3.1,10,49.0,29.0
TXN-10642,2023-04-05 10:00:00,Branch A,New York,CUST-1464,Normal,Male,34,Tablet,Electronics,8,300,0.0,Credit Card,3.2,200,2400.0,800.0
TXN-10643,2023-05-22 15:00:00,Branch A,New York,CUST-1397,Normal,Female,34,Smartphone,Electronics,2,600,0.0,Credit Card,3.1,400,1200.0,400.0
TXN-10644,2023-06-20 09:00:00,Branch A,New York,CUST-1624,Member,Female,34,Milk,Groceries,4,3,0.1,Cash,5.0,2,10.8,2.8
TXN-10645,2023-07-21 11:00:00,Branch C,Chicago,CUST-1452,Member,Female,24,Sneakers,Clothing,4,80,0.11,Credit Card,3.7,30,284.8,164.8
TXN-10646,2023-05-13 10:00:00,Branch C,Chicago,CUST-1668,Member,Male,22,Tablet,Electronics,8,300,0.05,Credit Card,4.5,200,2280.0,680.0
TXN-10647,2023-11-24 09:00:00,Branch A,New York,CUST-1400,Normal,Male,60,Headphones,Electronics,5,100,0.0,Credit Card,3.7,50,500.0,250.0
TXN-10648,2023-10-22 09:00:00,Branch C,Chicago,CUST-1977,Normal,Female,48,Tool Set,Home & Garden,2,85,0.0,E-Wallet,3.0,40,170.0,90.0
TXN-10649,2023-12-19 16:00:00,Branch A,New York,CUST-1647,Normal,Male,54,Tablet,Electronics,6,300,0.0,Credit Card,3.8,200,1800.0,600.0
TXN-10650,2023-11-28 10:00:00,Branch A,New York,CUST-1567,Normal,Female,52,Bread,Groceries,10,4,0.03,Cash,3.4,2,38.8,18.8
TXN-10651,2023-01-21 15:00:00,Branch A,New York,CUST-1906,Normal,Male,37,Coffee Beans,Groceries,13,15,0.0,E-Wallet,4.0,8,195.0,91.0
TXN-10652,2023-11-20 16:00:00,Branch C,Chicago,CUST-1064,Normal,Male,26,Smartphone,Electronics,1,600,0.04,Credit Card,4.0,400,576.0,176.0
TXN-10653,2023-10-04 19:00:00,Branch A,New York,CUST-1738,Normal,Female,49,Coffee Beans,Groceries,3,15,0.0,Cash,3.7,8,45.0,21.0
TXN-10654,2023-01-22 15:00:00,Branch A,New York,CUST-1753,Normal,Male,31,Sneakers,Clothing,3,80,0.03,Credit Card,3.1,30,232.8,142.8
TXN-10655,2023-03-14 16:00:00,Branch B,Los Angeles,CUST-1051,Member,Male,48,T-Shirt,Clothing,4,25,0.12,Credit Card,3.8,10,88.0,48.0
TXN-10656,2023-06-07 10:00:00,Branch A,New York,CUST-1818,Normal,Female,57,Jeans,Clothing,2,50,0.02,E-Wallet,4.0,20,98.0,58.0
TXN-10657,2023-11-12 12:00:00,Branch C,Chicago,CUST-1589,Member,Male,30,Plant Pot,Home & Garden,7,15,0.08,Credit Card,5.0,5,96.6,61.6
TXN-10658,2023-10-07 11:00:00,Branch B,Los Angeles,CUST-1425,Normal,Female,31,T-Shirt,Clothing,3,25,0.0,Credit Card,3.2,10,75.0,45.0
TXN-10659,2023-03-28 20:00:00,Branch B,Los Angeles,CUST-1810,Member,Female,53,Jeans,Clothing,8,50,0.07,Credit Card,4.7,20,372.0,212.0
TXN-10660,2023-11-20 18:00:00,Branch C,Chicago,CUST-1091,Member,Female,28,Headphones,Electronics,2,100,0.05,Credit Card,3.9,50,190.0,90.0
TXN-10661,2023-12-28 19:00:00,Branch A,New York,CUST-1535,Normal,Female,44,Headphones,Electronics,3,100,0.0,E-Wallet,4.3,50,300.0,150.0
TXN-10662,2023-08-19 15:00:00,Branch A,New York,CUST-1090,Member,Male,29,Laptop,Electronics,3,800,0.12,Credit Card,4.7,600,2112.0,312.0
TXN-10663,2023-11-18 13:00:00,Branch A,New York,CUST-2000,Normal,Female,44,Laptop,Electronics,4,800,0.0,Credit Card,5.0,600,3200.0,800.0
TXN-10664,2023-02-18 18:00:00,Branch A,New York,CUST-1283,Member,Female,52,Jeans,Clothing,8,50,0.13,Credit Card,4.8,20,348.0,188.0
TXN-10665,2023-01-28 12:00:00,Branch A,New York,CUST-1044,Normal,Male,27,Sneakers,Clothing,8,80,0.0,Credit Card,4.3,30,640.0,400.0
TXN-10666,2023-01-28 19:00:00,Branch C,Chicago,CUST-1776,Normal,Female,36,Sneakers,Clothing,5,80,0.0,Credit Card,4.6,30,400.0,250.0
TXN-10667,2023-08-21 09:00:00,Branch A,New York,CUST-1916,Normal,Male,65,Organic Apples,Groceries,5,5,0.03,Credit Card,3.2,3,24.25,9.25
TXN-10668,2023-05-01 20:00:00,Branch C,Chicago,CUST-1797,Member,Female,55,Coffee Beans,Groceries,14,15,0.12,Cash,4.2,8,184.8,72.8
TXN-10669,2023-02-26 14:00:00,Branch C,Chicago,CUST-1482,Normal,Male,24,Sneakers,Clothing,4,80,0.0,Cash,3.4,30,320.0,200.0
TXN-10670,2023-10-27 16:00:00,Branch A,New York,CUST-1396,Member,Male,45,Smartphone,Electronics,4,600,0.14,Credit Card,4.4,400,2064.0,464.0
TXN-10671,2023-07-11 11:00:00,Branch A,New York,CUST-1130,Member,Female,64,Smartphone,Electronics,6,600,0.15,Credit Card,3.9,400,3060.0,660.0
TXN-10672,2023-01-17 20:00:00,Branch C,Chicago,CUST-1351,Normal,Male,35,T-Shirt,Clothing,8,25,0.0,Cash,3.3,10,200.0,120.0
TXN-10673,2023-04-23 13:00:00,Branch C,Chicago,CUST-1882,Normal,Male,58,Jeans,Clothing,2,50,0.0,Credit Card,4.0,20,100.0,60.0
TXN-10674,2023-04-21 18:00:00,Branch B,Los Angeles,CUST-1335,Member,Female,47,Jacket,Clothing,1,100,0.12,Cash,5.0,40,88.0,48.0
TXN-10675,2023-08-11 18:00:00,Branch A,New York,CUST-1481,Member,Male,55,Jeans,Clothing,1,50,0.09,Credit Card,3.6,20,45.5,25.5
TXN-10676,2023-09-16 09:00:00,Branch B,Los Angeles,CUST-1507,Member,Female,51,Tool Set,Home & Garden,8,85,0.13,Credit Card,4.9,40,591.6,271.6
TXN-10677,2023-05-04 10:00:00,Branch C,Chicago,CUST-1092,Normal,Male,62,Office Chair,Home & Garden,3,120,0.0,E-Wallet,3.5,60,360.0,180.0
TXN-10678,2023-01-09 16:00:00,Branch A,New York,CUST-1141,Member,Female,28,Headphones,Electronics,1,100,0.15,Cash,4.4,50,85.0,35.0
TXN-10679,2023-12-27 15:00:00,Branch A,New York,CUST-1340,Normal,Male,41,Coffee Beans,Groceries,13,15,0.0,Credit Card,4.8,8,195.0,91.0
TXN-10680,2023-09-29 09:00:00,Branch A,New York,CUST-1343,Normal,Female,45,Bread,Groceries,15,4,0.0,Credit Card,4.2,2,60.0,30.0
TXN-10681,2023-01-29 17:00:00,Branch B,Los Angeles,CUST-1179,Member,Female,21,T-Shirt,Clothing,7,25,0.09,E-Wallet,4.7,10,159.25,89.25
TXN-10682,2023-11-28 17:00:00,Branch A,New York,CUST-1489,Normal,Male,53,Office Chair,Home & Garden,3,120,0.03,Credit Card,3.2,60,349.2,169.2
TXN-10683,2023-10-25 20:00:00,Branch A,New York,CUST-1696,Member,Male,65,Smartphone,Electronics,6,600,0.09,Credit Card,4.0,400,3276.0,876.0
TXN-10684,2023-08-05 13:00:00,Branch A,New York,CUST-1849,Normal,Male,22,Jacket,Clothing,6,100,0.0,Credit Card,4.0,40,600.0,360.0
TXN-10685,2023-03-04 16:00:00,Branch B,Los Angeles,CUST-1400,Member,Female,46,Jacket,Clothing,2,100,0.07,E-Wallet,5.0,40,186.0,106.0
TXN-10686,2023-04-02 13:00:00,Branch B,Los Angeles,CUST-1209,Normal,Male,24,Jeans,Clothing,5,50,0.0,Cash,3.3,20,250.0,150.0
TXN-10687,2023-09-24 19:00:00,Branch A,New York,CUST-1755,Normal,Male,36,Headphones,Electronics,3,100,0.0,Cash,3.8,50,300.0,150.0
TXN-10688,2023-11-27 09:00:00,Branch C,Chicago,CUST-1592,Normal,Female,30,Laptop,Electronics,4,800,0.04,E-Wallet,3.7,600,3072.0,672.0
TXN-10689,2023-06-25 19:00:00,Branch A,New York,CUST-1808,Normal,Female,49,Headphones,Electronics,8,100,0.0,E-Wallet,3.3,50,800.0,400.0
TXN-10690,2023-06-06 11:00:00,Branch C,Chicago,CUST-1466,Normal,Female,32,Plant Pot,Home & Garden,5,15,0.02,Credit Card,3.7,5,73.5,48.5
TXN-10691,2023-03-27 18:00:00,Branch A,New York,CUST-1682,Normal,Male,63,Jacket,Clothing,3,100,0.05,Cash,4.4,40,285.0,165.0
TXN-10692,2023-03-20 11:00:00,Branch B,Los Angeles,CUST-1210,Normal,Male,25,T-Shirt,Clothing,6,25,0.0,Credit Card,3.9,10,150.0,90.0
TXN-10693,2023-10-15 20:00:00,Branch C,Chicago,CUST-1546,Normal,Male,60,Bread,Groceries,8,4,0.0,E-Wallet,5.0,2,32.0,16.0
TXN-10694,2023-06-04 10:00:00,Branch B,Los Angeles,CUST-1662,Normal,Male,43,Coffee Beans,Groceries,10,15,0.02,Cash,3.0,8,147.0,67.0
TXN-10695,2023-12-28 13:00:00,Branch B,Los Angeles,CUST-1041,Normal,Female,36,Jeans,Clothing,8,50,0.0,Credit Card,3.2,20,400.0,240.0
TXN-10696,2023-03-13 19:00:00,Branch B,Los Angeles,CUST-1334,Member,Male,37,T-Shirt,Clothing,7,25,0.11,Credit Card,3.9,10,155.75,85.75
TXN-10697,2023-01-29 18:00:00,Branch B,Los Angeles,CUST-1980,Member,Male,55,Smartphone,Electronics,5,600,0.07,E-Wallet,3.9,400,2790.0,790.0
TXN-10698,2023-02-14 17:00:00,Branch A,New York,CUST-1057,Normal,Female,30,Headphones,Electronics,6,100,0.0,E-Wallet,4.0,50,600.0,300.0
TXN-10699,2023-12-08 14:00:00,Branch C,Chicago,CUST-1359,Member,Female,27,Plant Pot,Home & Garden,7,15,0.09,Credit Card,4.1,5,95.55,60.55
TXN-10700,2023-06-07 16:00:00,Branch A,New York,CUST-1745,Normal,Male,31,Coffee Beans,Groceries,15,15,0.0,Cash,3.3,8,225.0,105.0
TXN-10701,2023-08-06 20:00:00,Branch A,New York,CUST-1888,Member,Female,26,Desk Lamp,Home & Garden,3,35,0.07,E-Wallet,4.4,15,97.65,52.65
TXN-10702,2023-09-26 14:00:00,Branch A,New York,CUST-1279,Normal,Male,55,Headphones,Electronics,2,100,0.0,Credit Card,4.3,50,200.0,100.0
TXN-10703,2023-08-01 11:00:00,Branch C,Chicago,CUST-1842,Normal,Female,63,Jeans,Clothing,3,50,0.03,E-Wallet,4.0,20,145.5,85.5
TXN-10704,2023-06-04 18:00:00,Branch B,Los Angeles,CUST-1655,Member,Female,49,Coffee Beans,Groceries,3,15,0.13,Credit Card,3.8,8,39.15,15.15
TXN-10705,2023-11-22 16:00:00,Branch B,Los Angeles,CUST-1122,Member,Male,59,Bread,Groceries,5,4,0.1,Credit Card,4.9,2,18.0,8.0
TXN-10706,2023-05-22 16:00:00,Branch A,New York,CUST-1643,Normal,Male,56,Tablet,Electronics,8,300,0.0,Credit Card,4.7,200,2400.0,800.0
TXN-10707,2023-12-18 16:00:00,Branch A,New York,CUST-1327,Member,Male,41,Laptop,Electronics,5,800,0.07,Credit Card,3.6,600,3720.0,720.0
TXN-10708,2023-08-25 20:00:00,Branch C,Chicago,CUST-1978,Normal,Male,40,T-Shirt,Clothing,5,25,0.0,Credit Card,4.3,10,125.0,75.0
TXN-10709,2023-07-02 09:00:00,Branch B,Los Angeles,CUST-1330,Normal,Female,36,Organic Apples,Groceries,15,5,0.0,Credit Card,2.3,3,75.0,30.0
TXN-10710,2023-06-11 19:00:00,Branch A,New York,CUST-1147,Normal,Female,35,Plant Pot,Home & Garden,2,15,0.0,E-Wallet,3.7,5,30.0,20.0
TXN-10711,2023-01-07 11:00:00,Branch A,New York,CUST-1104,Normal,Female,41,Sneakers,Clothing,7,80,0.0,Credit Card,4.8,30,560.0,350.0
TXN-10712,2023-04-22 11:00:00,Branch B,Los Angeles,CUST-1491,Member,Male,30,T-Shirt,Clothing,7,25,0.1,E-Wallet,4.3,10,157.5,87.5
TXN-10713,2023-06-28 13:00:00,Branch A,New York,CUST-1762,Member,Female,26,Headphones,Electronics,6,100,0.07,Credit Card,4.1,50,558.0,258.0
TXN-10714,2023-03-02 12:00:00,Branch A,New York,CUST-1080,Normal,Male,62,Office Chair,Home & Garden,4,120,0.0,Credit Card,3.4,60,480.0,240.0
TXN-10715,2023-08-06 20:00:00,Branch B,Los Angeles,CUST-1675,Normal,Male,22,Organic Apples,Groceries,15,5,0.0,Cash,3.4,3,75.0,30.0
TXN-10716,2023-09-20 18:00:00,Branch C,Chicago,CUST-1772,Normal,Male,48,Tablet,Electronics,1,300,0.0,Credit Card,4.3,200,300.0,100.0
TXN-10717,2023-02-19 10:00:00,Branch A,New York,CUST-1149,Member,Male,55,Smartphone,Electronics,3,600,0.12,Credit Card,3.6,400,1584.0,384.0
TXN-10718,2023-05-23 18:00:00,Branch A,New York,CUST-1839,Normal,Female,40,Smartphone,Electronics,4,600,0.0,Credit Card,3.1,400,2400.0,800.0
TXN-10719,2023-10-24 09:00:00,Branch A,New York,CUST-1004,Member,Male,63,Smartphone,Electronics,5,600,0.07,Credit Card,5.0,400,2790.0,790.0
TXN-10720,2023-02-20 12:00:00,Branch C,Chicago,CUST-1388,Member,Female,41,Sneakers,Clothing,2,80,0.07,Credit Card,4.2,30,148.8,88.8
TXN-10721,2023-08-06 12:00:00,Branch C,Chicago,CUST-1507,Normal,Male,44,Tablet,Electronics,2,300,0.0,Credit Card,4.0,200,600.0,200.0
TXN-10722,2023-07-04 20:00:00,Branch A,New York,CUST-1290,Normal,Female,53,Desk Lamp,Home & Garden,2,35,0.0,Cash,3.2,15,70.0,40.0
TXN-10723,2023-08-22 18:00:00,Branch A,New York,CUST-1875,Normal,Female,61,Tool Set,Home & Garden,4,85,0.0,E-Wallet,3.6,40,340.0,180.0
TXN-10724,2023-08-08 12:00:00,Branch C,Chicago,CUST-1448,Member,Male,48,Milk,Groceries,13,3,0.1,Credit Card,3.7,2,35.1,9.1
TXN-10725,2023-09-25 19:00:00,Branch B,Los Angeles,CUST-1947,Member,Male,25,Jeans,Clothing,7,50,0.09,Credit Card,4.7,20,318.5,178.5
TXN-10726,2023-03-28 10:00:00,Branch A,New York,CUST-1125,Normal,Female,30,Jacket,Clothing,4,100,0.0,E-Wallet,5.0,40,400.0,240.0
TXN-10727,2023-04-30 15:00:00,Branch A,New York,CUST-1414,Member,Female,35,Bread,Groceries,8,4,0.1,Credit Card,4.7,2,28.8,12.8
TXN-10728,2023-09-06 17:00:00,Branch C,Chicago,CUST-1643,Normal,Female,27,Desk Lamp,Home & Garden,2,35,0.0,Cash,4.0,15,70.0,40.0
TXN-10729,2023-03-10 09:00:00,Branch B,Los Angeles,CUST-1619,Normal,Male,65,T-Shirt,Clothing,2,25,0.0,E-Wallet,3.1,10,50.0,30.0
TXN-10730,2023-12-14 14:00:00,Branch C,Chicago,CUST-1502,Normal,Male,37,Laptop,Electronics,8,800,0.03,Credit Card,4.3,600,6208.0,1408.0
TXN-10731,2023-09-16 13:00:00,Branch C,Chicago,CUST-1873,Normal,Female,52,Laptop,Electronics,7,800,0.02,E-Wallet,3.9,600,5488.0,1288.0
TXN-10732,2023-07-12 16:00:00,Branch A,New York,CUST-1310,Normal,Female,20,Laptop,Electronics,3,800,0.0,Credit Card,4.7,600,2400.0,600.0
TXN-10733,2023-12-28 11:00:00,Branch C,Chicago,CUST-1691,Normal,Female,45,Jacket,Clothing,7,100,0.0,Credit Card,3.2,40,700.0,420.0
TXN-10734,2023-09-09 19:00:00,Branch B,Los Angeles,CUST-1361,Normal,Female,48,Jeans,Clothing,1,50,0.0,Credit Card,3.2,20,50.0,30.0
TXN-10735,2023-05-26 14:00:00,Branch A,New York,CUST-1027,Normal,Male,19,Organic Apples,Groceries,8,5,0.0,Credit Card,4.5,3,40.0,16.0
TXN-10736,2023-11-17 14:00:00,Branch A,New York,CUST-1250,Normal,Female,24,Headphones,Electronics,6,100,0.03,E-Wallet,3.1,50,582.0,282.0
TXN-10737,2023-05-07 12:00:00,Branch A,New York,CUST-1551,Member,Female,55,Organic Apples,Groceries,7,5,0.06,E-Wallet,3.8,3,32.9,11.9
TXN-10738,2023-06-16 09:00:00,Branch B,Los Angeles,CUST-1386,Normal,Female,60,Headphones,Electronics,7,100,0.0,Credit Card,4.0,50,700.0,350.0
TXN-10739,2023-10-20 15:00:00,Branch C,Chicago,CUST-1508,Member,Female,54,Headphones,Electronics,2,100,0.12,E-Wallet,3.9,50,176.0,76.0
TXN-10740,2023-09-15 19:00:00,Branch B,Los Angeles,CUST-1077,Member,Female,28,Jacket,Clothing,6,100,0.15,Credit Card,4.4,40,510.0,270.0
TXN-10741,2023-10-02 12:00:00,Branch A,New York,CUST-1231,Member,Female,34,Desk Lamp,Home & Garden,5,35,0.15,Credit Card,4.3,15,148.75,73.75
TXN-10742,2023-11-16 20:00:00,Branch C,Chicago,CUST-1486,Member,Male,63,Tablet,Electronics,5,300,0.06,Credit Card,5.0,200,1410.0,410.0
TXN-10743,2023-08-07 12:00:00,Branch C,Chicago,CUST-1411,Normal,Female,22,Bread,Groceries,13,4,0.0,Cash,3.4,2,52.0,26.0
TXN-10744,2023-05-09 18:00:00,Branch B,Los Angeles,CUST-1511,Member,Female,60,Jeans,Clothing,1,50,0.11,Credit Card,4.5,20,44.5,24.5
TXN-10745,2023-04-20 19:00:00,Branch A,New York,CUST-1246,Member,Female,35,Coffee Beans,Groceries,11,15,0.07,Credit Card,4.4,8,153.45,65.45
TXN-10746,2023-03-19 20:00:00,Branch C,Chicago,CUST-1273,Normal,Female,45,Plant Pot,Home & Garden,2,15,0.0,Cash,4.7,5,30.0,20.0
TXN-10747,2023-05-27 19:00:00,Branch C,Chicago,CUST-1251,Member,Male,34,Sneakers,Clothing,4,80,0.06,Credit Card,3.9,30,300.8,180.8
TXN-10748,2023-06-08 16:00:00,Branch B,Los Angeles,CUST-1139,Member,Female,53,Headphones,Electronics,7,100,0.11,E-Wallet,3.6,50,623.0,273.0
TXN-10749,2023-01-15 13:00:00,Branch B,Los Angeles,CUST-1616,Normal,Female,60,Milk,Groceries,14,3,0.0,Cash,2.2,2,42.0,14.0
TXN-10750,2023-06-02 10:00:00,Branch A,New York,CUST-1114,Normal,Female,41,Laptop,Electronics,7,800,0.04,Credit Card,3.3,600,5376.0,1176.0
TXN-10751,2023-10-20 20:00:00,Branch A,New York,CUST-1826,Normal,Male,51,Tablet,Electronics,8,300,0.03,Credit Card,3.2,200,2328.0,728.0
TXN-10752,2023-06-10 14:00:00,Branch C,Chicago,CUST-1993,Member,Female,65,Sneakers,Clothing,4,80,0.06,Credit Card,3.9,30,300.8,180.8
TXN-10753,2023-05-21 16:00:00,Branch C,Chicago,CUST-1558,Normal,Female,34,Headphones,Electronics,6,100,0.0,Credit Card,3.2,50,600.0,300.0
TXN-10754,2023-08-05 16:00:00,Branch A,New York,CUST-1315,Member,Male,35,Smartphone,Electronics,6,600,0.1,Credit Card,4.2,400,3240.0,840.0
TXN-10755,2023-01-11 19:00:00,Branch A,New York,CUST-1654,Normal,Male,65,Desk Lamp,Home & Garden,4,35,0.0,Credit Card,3.8,15,140.0,80.0
TXN-10756,2023-12-25 14:00:00,Branch A,New York,CUST-1402,Member,Male,52,Office Chair,Home & Garden,8,120,0.09,Credit Card,5.0,60,873.6,393.6
TXN-10757,2023-05-11 13:00:00,Branch B,Los Angeles,CUST-1034,Normal,Male,33,Bread,Groceries,5,4,0.04,Credit Card,2.8,2,19.2,9.2
TXN-10758,2023-05-21 10:00:00,Branch A,New York,CUST-1844,Normal,Female,48,Headphones,Electronics,6,100,0.05,Credit Card,4.6,50,570.0,270.0
TXN-10759,2023-03-24 20:00:00,Branch B,Los Angeles,CUST-1711,Member,Female,50,T-Shirt,Clothing,6,25,0.09,Credit Card,3.2,10,136.5,76.5
TXN-10760,2023-01-15 09:00:00,Branch C,Chicago,CUST-1321,Normal,Male,58,Office Chair,Home & Garden,1,120,0.0,Cash,4.3,60,120.0,60.0
TXN-10761,2023-10-22 10:00:00,Branch A,New York,CUST-1327,Normal,Male,28,Milk,Groceries,12,3,0.0,E-Wallet,4.6,2,36.0,12.0
TXN-10762,2023-08-20 16:00:00,Branch A,New York,CUST-1376,Normal,Male,34,Milk,Groceries,15,3,0.0,Credit Card,3.2,2,45.0,15.0
TXN-10763,2023-04-04 15:00:00,Branch A,New York,CUST-1662,Member,Female,54,Jeans,Clothing,1,50,0.14,Credit Card,5.0,20,43.0,23.0
TXN-10764,2023-11-10 19:00:00,Branch B,Los Angeles,CUST-1632,Normal,Male,23,Sneakers,Clothing,4,80,0.0,E-Wallet,4.7,30,320.0,200.0
TXN-10765,2023-08-08 18:00:00,Branch A,New York,CUST-1014,Normal,Female,27,Desk Lamp,Home & Garden,6,35,0.0,Cash,4.1,15,210.0,120.0
TXN-10766,2023-09-27 15:00:00,Branch A,New York,CUST-1968,Normal,Female,61,Headphones,Electronics,2,100,0.0,Credit Card,3.4,50,200.0,100.0
TXN-10767,2023-05-17 13:00:00,Branch C,Chicago,CUST-1289,Normal,Female,42,Sneakers,Clothing,4,80,0.0,Credit Card,5.0,30,320.0,200.0
TXN-10768,2023-12-13 12:00:00,Branch A,New York,CUST-1241,Normal,Female,29,Headphones,Electronics,3,100,0.0,Credit Card,5.0,50,300.0,150.0
TXN-10769,2023-11-13 16:00:00,Branch B,Los Angeles,CUST-1709,Normal,Male,41,Sneakers,Clothing,2,80,0.0,Credit Card,3.3,30,160.0,100.0
TXN-10770,2023-07-23 19:00:00,Branch A,New York,CUST-1097,Member,Male,63,Tool Set,Home & Garden,7,85,0.12,Credit Card,4.0,40,523.6,243.6
TXN-10771,2023-10-13 09:00:00,Branch A,New York,CUST-1961,Member,Male,39,Smartphone,Electronics,8,600,0.14,Credit Card,5.0,400,4128.0,928.0
TXN-10772,2023-12-10 18:00:00,Branch B,Los Angeles,CUST-1183,Normal,Male,18,Bread,Groceries,7,4,0.04,Credit Card,2.1,2,26.88,12.88
TXN-10773,2023-05-14 11:00:00,Branch A,New York,CUST-1443,Normal,Female,39,Tool Set,Home & Garden,3,85,0.0,E-Wallet,4.4,40,255.0,135.0
TXN-10774,2023-03-14 13:00:00,Branch C,Chicago,CUST-1948,Normal,Male,38,Smartphone,Electronics,8,600,0.05,Credit Card,4.5,400,4560.0,1360.0
TXN-10775,2023-08-09 13:00:00,Branch B,Los Angeles,CUST-1873,Normal,Female,57,Bread,Groceries,9,4,0.03,Credit Card,2.3,2,34.92,16.92
TXN-10776,2023-12-03 19:00:00,Branch A,New York,CUST-1481,Member,Female,21,Office Chair,Home & Garden,3,120,0.06,Credit Card,3.9,60,338.4,158.4
TXN-10777,2023-05-14 11:00:00,Branch B,Los Angeles,CUST-1504,Member,Female,45,T-Shirt,Clothing,8,25,0.05,E-Wallet,3.5,10,190.0,110.0
TXN-10778,2023-02-27 20:00:00,Branch B,Los Angeles,CUST-1842,Normal,Male,25,Jacket,Clothing,2,100,0.0,Credit Card,3.5,40,200.0,120.0
TXN-10779,2023-05-20 18:00:00,Branch A,New York,CUST-1786,Normal,Male,55,T-Shirt,Clothing,3,25,0.0,Credit Card,3.2,10,75.0,45.0
TXN-10780,2023-09-13 19:00:00,Branch B,Los Angeles,CUST-1604,Normal,Male,39,Laptop,Electronics,5,800,0.0,Credit Card,4.4,600,4000.0,1000.0
TXN-10781,2023-02-24 14:00:00,Branch A,New York,CUST-1464,Member,Male,19,Laptop,Electronics,8,800,0.13,Credit Card,4.8,600,5568.0,768.0
TXN-10782,2023-11-18 13:00:00,Branch B,Los Angeles,CUST-1582,Normal,Male,39,T-Shirt,Clothing,8,25,0.0,Credit Card,3.9,10,200.0,120.0
TXN-10783,2023-03-08 12:00:00,Branch A,New York,CUST-1616,Normal,Male,59,Tablet,Electronics,6,300,0.04,Credit Card,4.1,200,1728.0,528.0
TXN-10784,2023-07-15 10:00:00,Branch A,New York,CUST-1872,Member,Female,34,Milk,Groceries,15,3,0.14,E-Wallet,3.7,2,38.7,8.7
TXN-10785,2023-04-17 11:00:00,Branch C,Chicago,CUST-1825,Normal,Female,43,Milk,Groceries,7,3,0.0,Cash,3.9,2,21.0,7.0
TXN-10786,2023-06-08 19:00:00,Branch A,New York,CUST-1906,Member,Male,40,Laptop,Electronics,6,800,0.1,Credit Card,4.5,600,4320.0,720.0
TXN-10787,2023-07-18 16:00:00,Branch A,New York,CUST-1628,Member,Female,54,Tool Set,Home & Garden,2,85,0.13,Credit Card,5.0,40,147.9,67.9
TXN-10788,2023-04-06 15:00:00,Branch A,New York,CUST-1730,Normal,Female,23,Desk Lamp,Home & Garden,6,35,0.04,Credit Card,4.3,15,201.6,111.6
TXN-10789,2023-03-21 16:00:00,Branch A,New York,CUST-1307,Normal,Male,36,Tool Set,Home & Garden,7,85,0.0,Credit Card,4.6,40,595.0,315.0
TXN-10790,2023-03-18 11:00:00,Branch A,New York,CUST-1939,Normal,Female,33,Sneakers,Clothing,5,80,0.0,Cash,4.1,30,400.0,250.0
TXN-10791,2023-01-24 17:00:00,Branch C,Chicago,CUST-1832,Normal,Male,50,Tool Set,Home & Garden,2,85,0.0,E-Wallet,4.4,40,170.0,90.0
TXN-10792,2023-05-10 14:00:00,Branch C,Chicago,CUST-1863,Normal,Female,55,Laptop,Electronics,2,800,0.03,Credit Card,4.6,600,1552.0,352.0
TXN-10793,2023-07-21 09:00:00,Branch A,New York,CUST-1686,Normal,Male,44,Tablet,Electronics,6,300,0.0,Credit Card,3.9,200,1800.0,600.0
TXN-10794,2023-08-19 18:00:00,Branch A,New York,CUST-1618,Member,Female,39,Smartphone,Electronics,4,600,0.07,Credit Card,5.0,400,2232.0,632.0
TXN-10795,2023-05-13 19:00:00,Branch B,Los Angeles,CUST-1414,Member,Male,45,Laptop,Electronics,1,800,0.09,Credit Card,3.4,600,728.0,128.0
TXN-10796,2023-12-03 20:00:00,Branch C,Chicago,CUST-1114,Member,Female,37,Coffee Beans,Groceries,4,15,0.06,Credit Card,3.5,8,56.4,24.4
TXN-10797,2023-01-09 20:00:00,Branch A,New York,CUST-1446,Member,Male,19,Jeans,Clothing,8,50,0.11,Credit Card,4.8,20,356.0,196.0
TXN-10798,2023-11-17 17:00:00,Branch A,New York,CUST-1119,Member,Male,23,Tablet,Electronics,8,300,0.06,Credit Card,4.3,200,2256.0,656.0
TXN-10799,2023-03-27 11:00:00,Branch C,Chicago,CUST-1583,Normal,Female,49,Desk Lamp,Home & Garden,8,35,0.0,Credit Card,3.4,15,280.0,160.0
TXN-10800,2023-07-20 09:00:00,Branch A,New York,CUST-1610,Normal,Female,18,T-Shirt,Clothing,7,25,0.05,Credit Card,4.5,10,166.25,96.25
TXN-10801,2023-10-11 13:00:00,Branch C,Chicago,CUST-1019,Member,Male,49,Tool Set,Home & Garden,8,85,0.07,Credit Card,3.6,40,632.4,312.4
TXN-10802,2023-08-05 18:00:00,Branch C,Chicago,CUST-1661,Normal,Female,53,Tablet,Electronics,7,300,0.02,Credit Card,4.2,200,2058.0,658.0
TXN-10803,2023-06-27 16:00:00,Branch B,Los Angeles,CUST-1519,Member,Female,19,Jeans,Clothing,5,50,0.12,Cash,4.4,20,220.0,120.0
TXN-10804,2023-04-23 18:00:00,Branch B,Los Angeles,CUST-1426,Member,Female,56,Sneakers,Clothing,3,80,0.14,E-Wallet,4.9,30,206.4,116.4
TXN-10805,2023-12-11 19:00:00,Branch A,New York,CUST-1683,Normal,Female,48,Jeans,Clothing,4,50,0.0,Cash,4.5,20,200.0,120.0
TXN-10806,2023-09-05 11:00:00,Branch C,Chicago,CUST-1505,Member,Male,30,Sneakers,Clothing,2,80,0.13,Credit Card,5.0,30,139.2,79.2
TXN-10807,2023-06-05 12:00:00,Branch B,Los Angeles,CUST-1032,Normal,Male,53,Organic Apples,Groceries,8,5,0.03,Credit Card,3.8,3,38.8,14.8
TXN-10808,2023-02-02 14:00:00,Branch A,New York,CUST-1348,Normal,Female,25,Jeans,Clothing,2,50,0.0,E-Wallet,4.0,20,100.0,60.0
TXN-10809,2023-07-01 09:00:00,Branch C,Chicago,CUST-1998,Normal,Female,27,Laptop,Electronics,8,800,0.05,Credit Card,4.5,600,6080.0,1280.0
TXN-10810,2023-02-24 18:00:00,Branch C,Chicago,CUST-1932,Normal,Male,53,Laptop,Electronics,3,800,0.0,E-Wallet,4.7,600,2400.0,600.0
TXN-10811,2023-07-05 11:00:00,Branch C,Chicago,CUST-1838,Normal,Female,63,Tool Set,Home & Garden,2,85,0.0,Cash,3.7,40,170.0,90.0
TXN-10812,2023-03-12 10:00:00,Branch A,New York,CUST-1349,Normal,Male,46,Tool Set,Home & Garden,1,85,0.0,Credit Card,4.6,40,85.0,45.0
TXN-10813,2023-05-27 17:00:00,Branch A,New York,CUST-1251,Normal,Male,23,Tablet,Electronics,6,300,0.03,E-Wallet,4.3,200,1746.0,546.0
TXN-10814,2023-03-19 17:00:00,Branch A,New York,CUST-1469,Normal,Female,32,Smartphone,Electronics,7,600,0.0,E-Wallet,3.8,400,4200.0,1400.0
TXN-10815,2023-09-22 19:00:00,Branch A,New York,CUST-1071,Normal,Female,19,Sneakers,Clothing,3,80,0.04,Credit Card,4.0,30,230.4,140.4
TXN-10816,2023-02-13 14:00:00,Branch A,New York,CUST-1676,Member,Female,43,Smartphone,Electronics,7,600,0.06,Credit Card,5.0,400,3948.0,1148.0
TXN-10817,2023-11-25 11:00:00,Branch B,Los Angeles,CUST-1352,Normal,Male,58,Bread,Groceries,9,4,0.04,Credit Card,2.6,2,34.56,16.56
TXN-10818,2023-01-05 13:00:00,Branch A,New York,CUST-1807,Member,Male,62,Coffee Beans,Groceries,13,15,0.07,Credit Card,4.6,8,181.35,77.35
TXN-10819,2023-11-13 19:00:00,Branch A,New York,CUST-1037,Normal,Female,62,Bread,Groceries,15,4,0.0,Credit Card,3.6,2,60.0,30.0
TXN-10820,2023-10-03 14:00:00,Branch A,New York,CUST-1319,Normal,Female,64,Jeans,Clothing,5,50,0.0,Credit Card,4.0,20,250.0,150.0
TXN-10821,2023-09-24 14:00:00,Branch C,Chicago,CUST-1517,Normal,Male,19,Tablet,Electronics,4,300,0.03,Credit Card,3.8,200,1164.0,364.0
TXN-10822,2023-02-26 20:00:00,Branch B,Los Angeles,CUST-1305,Normal,Male,41,Bread,Groceries,4,4,0.0,Cash,4.3,2,16.0,8.0
TXN-10823,2023-10-21 20:00:00,Branch A,New York,CUST-1960,Normal,Male,47,Bread,Groceries,15,4,0.04,E-Wallet,4.4,2,57.6,27.6
TXN-10824,2023-11-18 19:00:00,Branch C,Chicago,CUST-1107,Normal,Male,40,Bread,Groceries,14,4,0.0,Credit Card,4.5,2,56.0,28.0
TXN-10825,2023-06-17 17:00:00,Branch C,Chicago,CUST-1063,Normal,Male,41,Desk Lamp,Home & Garden,3,35,0.04,Credit Card,3.2,15,100.8,55.8
TXN-10826,2023-08-06 11:00:00,Branch A,New York,CUST-1572,Normal,Female,31,Coffee Beans,Groceries,8,15,0.0,Credit Card,3.8,8,120.0,56.0
TXN-10827,2023-09-23 15:00:00,Branch A,New York,CUST-1970,Member,Female,55,Headphones,Electronics,7,100,0.15,Credit Card,4.9,50,595.0,245.0
TXN-10828,2023-09-08 20:00:00,Branch C,Chicago,CUST-1883,Normal,Female,28,Jeans,Clothing,8,50,0.02,Cash,4.4,20,392.0,232.0
TXN-10829,2023-09-28 10:00:00,Branch A,New York,CUST-1974,Normal,Male,47,Headphones,Electronics,1,100,0.05,E-Wallet,3.7,50,95.0,45.0
TXN-10830,2023-03-02 18:00:00,Branch B,Los Angeles,CUST-1380,Normal,Female,25,T-Shirt,Clothing,6,25,0.0,Credit Card,3.1,10,150.0,90.0
TXN-10831,2023-06-06 14:00:00,Branch A,New York,CUST-1431,Normal,Female,36,Coffee Beans,Groceries,15,15,0.0,Credit Card,4.6,8,225.0,105.0
TXN-10832,2023-01-25 13:00:00,Branch A,New York,CUST-1891,Member,Female,31,Milk,Groceries,3,3,0.06,Credit Card,4.2,2,8.46,2.46
TXN-10833,2023-01-23 15:00:00,Branch B,Los Angeles,CUST-1780,Member,Female,54,Bread,Groceries,8,4,0.13,E-Wallet,3.7,2,27.84,11.84
TXN-10834,2023-03-12 17:00:00,Branch C,Chicago,CUST-1638,Normal,Female,46,Office Chair,Home & Garden,6,120,0.0,Credit Card,4.2,60,720.0,360.0
TXN-10835,2023-07-29 15:00:00,Branch B,Los Angeles,CUST-1886,Member,Male,43,Jacket,Clothing,1,100,0.15,Cash,3.8,40,85.0,45.0
TXN-10836,2023-03-26 20:00:00,Branch A,New York,CUST-1978,Member,Male,54,Plant Pot,Home & Garden,2,15,0.11,Credit Card,3.7,5,26.7,16.7
TXN-10837,2023-11-13 17:00:00,Branch B,Los Angeles,CUST-1019,Member,Male,54,Milk,Groceries,11,3,0.14,Credit Card,2.9,2,28.38,6.38
TXN-10838,2023-05-21 12:00:00,Branch C,Chicago,CUST-1882,Normal,Male,63,Desk Lamp,Home & Garden,6,35,0.0,Credit Card,3.1,15,210.0,120.0
TXN-10839,2023-01-12 14:00:00,Branch C,Chicago,CUST-1101,Normal,Female,29,Desk Lamp,Home & Garden,6,35,0.0,E-Wallet,3.2,15,210.0,120.0
TXN-10840,2023-10-05 11:00:00,Branch C,Chicago,CUST-1694,Member,Female,27,Jacket,Clothing,2,100,0.07,Credit Card,5.0,40,186.0,106.0
TXN-10841,2023-03-28 09:00:00,Branch A,New York,CUST-1145,Member,Female,29,Desk Lamp,Home & Garden,1,35,0.08,Credit Card,3.7,15,32.2,17.2
TXN-10842,2023-07-31 14:00:00,Branch C,Chicago,CUST-1242,Normal,Female,42,Laptop,Electronics,4,800,0.0,E-Wallet,4.2,600,3200.0,800.0
TXN-10843,2023-09-10 17:00:00,Branch A,New York,CUST-1067,Member,Female,25,Jacket,Clothing,1,100,0.08,Cash,4.6,40,92.0,52.0
TXN-10844,2023-09-05 09:00:00,Branch A,New York,CUST-1103,Member,Female,58,Milk,Groceries,7,3,0.11,Credit Card,4.7,2,18.69,4.69
TXN-10845,2023-05-07 17:00:00,Branch A,New York,CUST-1208,Normal,Male,37,Headphones,Electronics,8,100,0.0,Credit Card,4.3,50,800.0,400.0
TXN-10846,2023-03-14 14:00:00,Branch B,Los Angeles,CUST-1668,Normal,Male,33,Headphones,Electronics,8,100,0.0,Credit Card,3.2,50,800.0,400.0
TXN-10847,2023-03-27 09:00:00,Branch B,Los Angeles,CUST-1522,Normal,Male,48,Plant Pot,Home & Garden,5,15,0.03,Credit Card,3.2,5,72.75,47.75
TXN-10848,2023-05-25 09:00:00,Branch B,Los Angeles,CUST-1569,Normal,Male,65,Organic Apples,Groceries,4,5,0.0,Credit Card,3.2,3,20.0,8.0
TXN-10849,2023-05-24 15:00:00,Branch C,Chicago,CUST-1678,Member,Male,57,Bread,Groceries,15,4,0.12,Credit Card,4.0,2,52.8,22.8
TXN-10850,2023-06-14 14:00:00,Branch B,Los Angeles,CUST-1009,Normal,Male,47,Plant Pot,Home & Garden,1,15,0.02,Credit Card,2.0,5,14.7,9.7
TXN-10851,2023-12-11 11:00:00,Branch B,Los Angeles,CUST-1031,Member,Female,53,Tool Set,Home & Garden,7,85,0.1,Credit Card,2.7,40,535.5,255.5
TXN-10852,2023-12-10 16:00:00,Branch C,Chicago,CUST-1713,Normal,Male,40,Plant Pot,Home & Garden,7,15,0.0,Credit Card,4.5,5,105.0,70.0
TXN-10853,2023-01-05 10:00:00,Branch A,New York,CUST-1287,Normal,Female,41,Milk,Groceries,3,3,0.0,Credit Card,3.0,2,9.0,3.0
TXN-10854,2023-12-15 20:00:00,Branch A,New York,CUST-1990,Normal,Female,30,Laptop,Electronics,5,800,0.03,Credit Card,5.0,600,3880.0,880.0
TXN-10855,2023-07-05 09:00:00,Branch B,Los Angeles,CUST-1890,Normal,Female,49,Jeans,Clothing,1,50,0.0,Cash,4.6,20,50.0,30.0
TXN-10856,2023-05-23 18:00:00,Branch B,Los Angeles,CUST-1265,Normal,Female,28,Jeans,Clothing,3,50,0.0,Credit Card,3.3,20,150.0,90.0
TXN-10857,2023-10-19 12:00:00,Branch B,Los Angeles,CUST-1437,Normal,Female,30,Desk Lamp,Home & Garden,5,35,0.0,Cash,4.8,15,175.0,100.0
TXN-10858,2023-11-25 19:00:00,Branch A,New York,CUST-1507,Normal,Male,38,Coffee Beans,Groceries,7,15,0.0,Credit Card,4.0,8,105.0,49.0
TXN-10859,2023-07-05 17:00:00,Branch C,Chicago,CUST-1401,Normal,Male,64,T-Shirt,Clothing,5,25,0.04,E-Wallet,3.6,10,120.0,70.0
TXN-10860,2023-04-10 14:00:00,Branch B,Los Angeles,CUST-1168,Normal,Male,54,T-Shirt,Clothing,4,25,0.03,Cash,3.1,10,97.0,57.0
TXN-10861,2023-06-18 13:00:00,Branch B,Los Angeles,CUST-1342,Member,Male,58,Desk Lamp,Home & Garden,1,35,0.1,Credit Card,3.8,15,31.5,16.5
TXN-10862,2023-05-09 12:00:00,Branch B,Los Angeles,CUST-1074,Member,Male,48,Smartphone,Electronics,6,600,0.13,Credit Card,3.0,400,3132.0,732.0
TXN-10863,2023-11-04 18:00:00,Branch A,New York,CUST-1034,Normal,Female,24,Tool Set,Home & Garden,2,85,0.0,E-Wallet,3.1,40,170.0,90.0
TXN-10864,2023-07-13 14:00:00,Branch B,Los Angeles,CUST-1104,Member,Male,26,Desk Lamp,Home & Garden,8,35,0.06,E-Wallet,4.7,15,263.2,143.2
TXN-10865,2023-12-13 09:00:00,Branch A,New York,CUST-1238,Normal,Male,36,Headphones,Electronics,7,100,0.0,E-Wallet,4.5,50,700.0,350.0
TXN-10866,2023-11-03 19:00:00,Branch A,New York,CUST-1103,Normal,Male,47,Coffee Beans,Groceries,15,15,0.0,E-Wallet,4.2,8,225.0,105.0
TXN-10867,2023-06-23 19:00:00,Branch B,Los Angeles,CUST-1860,Normal,Male,47,Tablet,Electronics,4,300,0.0,Credit Card,3.2,200,1200.0,400.0
TXN-10868,2023-04-10 18:00:00,Branch C,Chicago,CUST-1816,Normal,Male,58,Bread,Groceries,10,4,0.03,E-Wallet,3.5,2,38.8,18.8
TXN-10869,2023-01-23 09:00:00,Branch C,Chicago,CUST-1149,Member,Male,37,Plant Pot,Home & Garden,5,15,0.11,Credit Card,4.6,5,66.75,41.75
TXN-10870,2023-03-17 16:00:00,Branch A,New York,CUST-1600,Member,Female,56,Tablet,Electronics,5,300,0.09,Credit Card,3.5,200,1365.0,365.0
TXN-10871,2023-12-03 19:00:00,Branch A,New York,CUST-1205,Member,Male,21,Smartphone,Electronics,1,600,0.09,Credit Card,3.9,400,546.0,146.0
TXN-10872,2023-11-24 12:00:00,Branch C,Chicago,CUST-1592,Normal,Male,39,Sneakers,Clothing,8,80,0.0,Credit Card,3.7,30,640.0,400.0
TXN-10873,2023-10-17 14:00:00,Branch A,New York,CUST-1932,Member,Female,44,Tablet,Electronics,3,300,0.06,Credit Card,5.0,200,846.0,246.0
TXN-10874,2023-01-22 16:00:00,Branch A,New York,CUST-1492,Normal,Male,18,Smartphone,Electronics,4,600,0.0,E-Wallet,3.4,400,2400.0,800.0
TXN-10875,2023-06-19 20:00:00,Branch A,New York,CUST-1010,Member,Female,31,Tool Set,Home & Garden,3,85,0.13,Cash,3.5,40,221.85,101.85
TXN-10876,2023-02-07 14:00:00,Branch A,New York,CUST-1599,Normal,Male,53,Laptop,Electronics,3,800,0.0,E-Wallet,3.4,600,2400.0,600.0
TXN-10877,2023-07-04 09:00:00,Branch A,New York,CUST-1736,Normal,Male,30,Jeans,Clothing,5,50,0.0,Cash,4.8,20,250.0,150.0
TXN-10878,2023-03-31 14:00:00,Branch B,Los Angeles,CUST-1851,Member,Male,29,Jeans,Clothing,1,50,0.07,Cash,4.0,20,46.5,26.5
TXN-10879,2023-12-13 11:00:00,Branch B,Los Angeles,CUST-1828,Member,Female,59,Desk Lamp,Home & Garden,6,35,0.14,Cash,4.1,15,180.6,90.6
TXN-10880,2023-07-10 19:00:00,Branch A,New York,CUST-1813,Normal,Male,51,Coffee Beans,Groceries,4,15,0.0,Credit Card,4.8,8,60.0,28.0
TXN-10881,2023-04-08 12:00:00,Branch B,Los Angeles,CUST-1047,Normal,Female,62,Plant Pot,Home & Garden,6,15,0.0,Credit Card,5.0,5,90.0,60.0
TXN-10882,2023-11-12 18:00:00,Branch B,Los Angeles,CUST-1871,Normal,Male,52,Plant Pot,Home & Garden,3,15,0.0,E-Wallet,3.7,5,45.0,30.0
TXN-10883,2023-09-18 18:00:00,Branch A,New York,CUST-1171,Member,Female,31,T-Shirt,Clothing,8,25,0.13,Credit Card,4.7,10,174.0,94.0
TXN-10884,2023-09-18 15:00:00,Branch B,Los Angeles,CUST-1506,Normal,Female,49,Tool Set,Home & Garden,3,85,0.0,Credit Card,3.4,40,255.0,135.0
TXN-10885,2023-08-31 13:00:00,Branch C,Chicago,CUST-1223,Normal,Female,58,Smartphone,Electronics,4,600,0.03,Credit Card,3.5,400,2328.0,728.0
TXN-10886,2023-06-06 15:00:00,Branch C,Chicago,CUST-1086,Member,Female,54,Jacket,Clothing,5,100,0.11,Cash,3.8,40,445.0,245.0
TXN-10887,2023-06-01 16:00:00,Branch C,Chicago,CUST-1418,Member,Female,32,Headphones,Electronics,6,100,0.09,Credit Card,4.4,50,546.0,246.0
TXN-10888,2023-07-08 16:00:00,Branch B,Los Angeles,CUST-1084,Normal,Female,35,Sneakers,Clothing,1,80,0.0,Credit Card,2.7,30,80.0,50.0
TXN-10889,2023-05-31 17:00:00,Branch A,New York,CUST-1559,Normal,Male,35,Smartphone,Electronics,2,600,0.0,Credit Card,3.7,400,1200.0,400.0
TXN-10890,2023-04-13 14:00:00,Branch A,New York,CUST-1699,Member,Male,61,Tablet,Electronics,5,300,0.08,Credit Card,5.0,200,1380.0,380.0
TXN-10891,2023-05-21 12:00:00,Branch C,Chicago,CUST-1415,Normal,Male,63,Organic Apples,Groceries,7,5,0.04,Credit Card,3.8,3,33.6,12.6
TXN-10892,2023-10-24 19:00:00,Branch A,New York,CUST-1485,Member,Male,48,Milk,Groceries,6,3,0.07,Credit Card,5.0,2,16.74,4.74
TXN-10893,2023-04-30 17:00:00,Branch A,New York,CUST-1788,Normal,Female,64,Tool Set,Home & Garden,6,85,0.03,Credit Card,3.4,40,494.7,254.7
TXN-10894,2023-12-24 15:00:00,Branch B,Los Angeles,CUST-1965,Member,Male,46,Sneakers,Clothing,1,80,0.09,E-Wallet,4.7,30,72.8,42.8
TXN-10895,2023-01-05 16:00:00,Branch A,New York,CUST-1781,Member,Female,39,Smartphone,Electronics,7,600,0.09,Credit Card,5.0,400,3822.0,1022.0
TXN-10896,2023-12-20 17:00:00,Branch B,Los Angeles,CUST-1644,Normal,Female,38,T-Shirt,Clothing,1,25,0.02,Credit Card,4.9,10,24.5,14.5
TXN-10897,2023-11-05 18:00:00,Branch A,New York,CUST-1486,Member,Female,42,Jeans,Clothing,7,50,0.06,E-Wallet,4.3,20,329.0,189.0
TXN-10898,2023-02-25 14:00:00,Branch A,New York,CUST-1181,Member,Female,58,Tablet,Electronics,2,300,0.07,E-Wallet,4.8,200,558.0,158.0
TXN-10899,2023-01-17 20:00:00,Branch B,Los Angeles,CUST-1536,Normal,Female,19,Milk,Groceries,4,3,0.03,Cash,3.4,2,11.64,3.64
TXN-10900,2023-02-05 16:00:00,Branch B,Los Angeles,CUST-1113,Normal,Male,41,T-Shirt,Clothing,3,25,0.0,E-Wallet,4.8,10,75.0,45.0
TXN-10901,2023-03-08 17:00:00,Branch C,Chicago,CUST-1442,Member,Female,48,Headphones,Electronics,4,100,0.06,E-Wallet,3.9,50,376.0,176.0
TXN-10902,2023-12-30 19:00:00,Branch A,New York,CUST-1282,Member,Female,28,Tablet,Electronics,4,300,0.1,Credit Card,4.9,200,1080.0,280.0
TXN-10903,2023-04-14 09:00:00,Branch B,Los Angeles,CUST-1582,Normal,Male,46,T-Shirt,Clothing,7,25,0.0,Credit Card,3.5,10,175.0,105.0
TXN-10904,2023-09-09 16:00:00,Branch A,New York,CUST-1467,Member,Female,54,T-Shirt,Clothing,2,25,0.08,Credit Card,5.0,10,46.0,26.0
TXN-10905,2023-06-27 20:00:00,Branch C,Chicago,CUST-1442,Member,Female,43,Sneakers,Clothing,4,80,0.07,Cash,4.7,30,297.6,177.6
TXN-10906,2023-08-23 15:00:00,Branch A,New York,CUST-1906,Member,Male,62,Laptop,Electronics,7,800,0.12,Credit Card,3.6,600,4928.0,728.0
TXN-10907,2023-03-22 13:00:00,Branch B,Los Angeles,CUST-1377,Member,Female,60,T-Shirt,Clothing,4,25,0.14,Credit Card,2.7,10,86.0,46.0
TXN-10908,2023-02-09 10:00:00,Branch C,Chicago,CUST-1027,Member,Female,44,Office Chair,Home & Garden,5,120,0.07,Credit Card,3.6,60,558.0,258.0
TXN-10909,2023-02-07 19:00:00,Branch C,Chicago,CUST-1726,Member,Female,42,Coffee Beans,Groceries,9,15,0.05,Credit Card,4.0,8,128.25,56.25
TXN-10910,2023-03-11 14:00:00,Branch B,Los Angeles,CUST-1482,Normal,Female,49,Sneakers,Clothing,2,80,0.0,Cash,2.9,30,160.0,100.0
TXN-10911,2023-05-23 11:00:00,Branch A,New York,CUST-1400,Normal,Male,19,T-Shirt,Clothing,3,25,0.0,Credit Card,4.1,10,75.0,45.0
TXN-10912,2023-03-28 10:00:00,Branch A,New York,CUST-1731,Member,Male,61,Tablet,Electronics,3,300,0.09,Credit Card,3.9,200,819.0,219.0
TXN-10913,2023-01-18 19:00:00,Branch C,Chicago,CUST-1612,Member,Male,46,Laptop,Electronics,7,800,0.12,Credit Card,4.4,600,4928.0,728.0
TXN-10914,2023-01-03 09:00:00,Branch A,New York,CUST-1028,Normal,Female,30,Office Chair,Home & Garden,6,120,0.03,Credit Card,3.0,60,698.4,338.4
TXN-10915,2023-01-08 14:00:00,Branch A,New York,CUST-1855,Member,Male,61,Desk Lamp,Home & Garden,4,35,0.15,Cash,3.7,15,119.0,59.0
TXN-10916,2023-12-07 11:00:00,Branch C,Chicago,CUST-1639,Normal,Male,20,Desk Lamp,Home & Garden,6,35,0.0,Credit Card,4.3,15,210.0,120.0
TXN-10917,2023-04-17 17:00:00,Branch C,Chicago,CUST-1015,Member,Female,45,Smartphone,Electronics,4,600,0.06,Credit Card,4.1,400,2256.0,656.0
TXN-10918,2023-07-25 19:00:00,Branch A,New York,CUST-1834,Member,Female,18,Headphones,Electronics,4,100,0.1,E-Wallet,3.6,50,360.0,160.0
TXN-10919,2023-05-23 19:00:00,Branch C,Chicago,CUST-1104,Member,Female,20,Smartphone,Electronics,7,600,0.08,E-Wallet,4.7,400,3864.0,1064.0
TXN-10920,2023-12-31 17:00:00,Branch A,New York,CUST-1694,Member,Male,34,Laptop,Electronics,6,800,0.15,Credit Card,4.9,600,4080.0,480.0
TXN-10921,2023-12-22 11:00:00,Branch C,Chicago,CUST-1459,Normal,Female,29,Coffee Beans,Groceries,8,15,0.0,Credit Card,4.8,8,120.0,56.0
TXN-10922,2023-07-15 17:00:00,Branch A,New York,CUST-1316,Normal,Male,50,Organic Apples,Groceries,3,5,0.0,Credit Card,4.8,3,15.0,6.0
TXN-10923,2023-05-02 20:00:00,Branch C,Chicago,CUST-1155,Normal,Female,33,Laptop,Electronics,3,800,0.0,E-Wallet,3.6,600,2400.0,600.0
TXN-10924,2023-07-12 12:00:00,Branch C,Chicago,CUST-1778,Member,Male,33,Plant Pot,Home & Garden,3,15,0.08,Cash,4.8,5,41.4,26.4
TXN-10925,2023-01-21 17:00:00,Branch A,New York,CUST-1350,Normal,Female,59,Jacket,Clothing,1,100,0.0,Credit Card,4.5,40,100.0,60.0
TXN-10926,2023-05-05 12:00:00,Branch C,Chicago,CUST-1644,Normal,Male,60,Jeans,Clothing,7,50,0.0,E-Wallet,3.4,20,350.0,210.0
TXN-10927,2023-01-04 10:00:00,Branch A,New York,CUST-1209,Normal,Female,22,Smartphone,Electronics,1,600,0.0,Credit Card,3.3,400,600.0,200.0
TXN-10928,2023-03-06 10:00:00,Branch A,New York,CUST-1478,Normal,Male,55,Office Chair,Home & Garden,4,120,0.0,Cash,3.9,60,480.0,240.0
TXN-10929,2023-06-09 11:00:00,Branch C,Chicago,CUST-1990,Normal,Male,33,Office Chair,Home & Garden,4,120,0.0,Credit Card,4.2,60,480.0,240.0
TXN-10930,2023-11-22 12:00:00,Branch B,Los Angeles,CUST-1517,Member,Female,48,T-Shirt,Clothing,6,25,0.09,Credit Card,3.8,10,136.5,76.5
TXN-10931,2023-11-09 20:00:00,Branch A,New York,CUST-1085,Member,Female,27,Sneakers,Clothing,1,80,0.13,E-Wallet,4.4,30,69.6,39.6
TXN-10932,2023-06-03 18:00:00,Branch A,New York,CUST-1384,Normal,Male,53,Milk,Groceries,9,3,0.0,E-Wallet,3.9,2,27.0,9.0
TXN-10933,2023-10-15 18:00:00,Branch C,Chicago,CUST-1013,Normal,Female,22,Milk,Groceries,6,3,0.0,Credit Card,3.4,2,18.0,6.0
TXN-10934,2023-09-14 20:00:00,Branch C,Chicago,CUST-1501,Member,Female,49,Tool Set,Home & Garden,7,85,0.15,Credit Card,4.2,40,505.75,225.75
TXN-10935,2023-06-07 19:00:00,Branch C,Chicago,CUST-1980,Normal,Male,44,Laptop,Electronics,7,800,0.02,Credit Card,4.5,600,5488.0,1288.0
TXN-10936,2023-05-11 20:00:00,Branch B,Los Angeles,CUST-1248,Member,Female,50,Tool Set,Home & Garden,6,85,0.12,Credit Card,4.0,40,448.8,208.8
TXN-10937,2023-09-02 09:00:00,Branch B,Los Angeles,CUST-1616,Normal,Female,58,Laptop,Electronics,3,800,0.0,Credit Card,2.5,600,2400.0,600.0
TXN-10938,2023-10-24 19:00:00,Branch A,New York,CUST-1407,Member,Male,18,T-Shirt,Clothing,2,25,0.11,Credit Card,5.0,10,44.5,24.5
TXN-10939,2023-12-28 18:00:00,Branch C,Chicago,CUST-1990,Normal,Male,51,Sneakers,Clothing,3,80,0.03,E-Wallet,3.6,30,232.8,142.8
TXN-10940,2023-09-30 19:00:00,Branch A,New York,CUST-1111,Normal,Female,55,Jacket,Clothing,7,100,0.05,Credit Card,4.7,40,665.0,385.0
TXN-10941,2023-11-22 18:00:00,Branch A,New York,CUST-1172,Normal,Female,27,Jacket,Clothing,4,100,0.03,Credit Card,3.6,40,388.0,228.0
TXN-10942,2023-09-09 09:00:00,Branch B,Los Angeles,CUST-1383,Member,Male,22,Sneakers,Clothing,7,80,0.12,E-Wallet,5.0,30,492.8,282.8
TXN-10943,2023-04-06 20:00:00,Branch C,Chicago,CUST-1190,Normal,Male,30,Office Chair,Home & Garden,2,120,0.0,Credit Card,4.6,60,240.0,120.0
TXN-10944,2023-04-13 09:00:00,Branch A,New York,CUST-1111,Normal,Male,30,Tablet,Electronics,7,300,0.0,Credit Card,4.8,200,2100.0,700.0
TXN-10945,2023-11-22 11:00:00,Branch B,Los Angeles,CUST-1240,Normal,Male,36,Desk Lamp,Home & Garden,7,35,0.0,Credit Card,3.1,15,245.0,140.0
TXN-10946,2023-09-02 16:00:00,Branch A,New York,CUST-1042,Normal,Male,18,Desk Lamp,Home & Garden,5,35,0.02,Credit Card,4.2,15,171.5,96.5
TXN-10947,2023-02-19 12:00:00,Branch B,Los Angeles,CUST-1379,Member,Male,42,Plant Pot,Home & Garden,8,15,0.1,Cash,4.2,5,108.0,68.0
TXN-10948,2023-12-16 14:00:00,Branch C,Chicago,CUST-1338,Normal,Female,33,Coffee Beans,Groceries,12,15,0.0,Credit Card,3.7,8,180.0,84.0
TXN-10949,2023-02-21 09:00:00,Branch A,New York,CUST-1543,Normal,Female,62,Sneakers,Clothing,3,80,0.0,Cash,3.2,30,240.0,150.0
TXN-10950,2023-05-24 20:00:00,Branch B,Los Angeles,CUST-1653,Normal,Male,41,Sneakers,Clothing,8,80,0.0,Credit Card,4.3,30,640.0,400.0
TXN-10951,2023-06-14 09:00:00,Branch A,New York,CUST-1627,Member,Female,20,Bread,Groceries,6,4,0.11,E-Wallet,4.3,2,21.36,9.36
TXN-10952,2023-02-11 14:00:00,Branch B,Los Angeles,CUST-1532,Member,Female,48,T-Shirt,Clothing,7,25,0.08,Credit Card,3.9,10,161.0,91.0
TXN-10953,2023-10-20 20:00:00,Branch A,New York,CUST-1561,Normal,Male,26,Tool Set,Home & Garden,2,85,0.0,Credit Card,4.3,40,170.0,90.0
TXN-10954,2023-08-28 11:00:00,Branch A,New York,CUST-1966,Member,Female,25,Headphones,Electronics,4,100,0.07,Credit Card,3.8,50,372.0,172.0
TXN-10955,2023-12-04 20:00:00,Branch A,New York,CUST-1287,Normal,Male,24,Coffee Beans,Groceries,5,15,0.03,Cash,3.8,8,72.75,32.75
TXN-10956,2023-04-23 20:00:00,Branch A,New York,CUST-1648,Member,Female,60,Headphones,Electronics,2,100,0.12,E-Wallet,5.0,50,176.0,76.0
TXN-10957,2023-09-09 10:00:00,Branch A,New York,CUST-1753,Normal,Female,32,Laptop,Electronics,6,800,0.0,Credit Card,4.4,600,4800.0,1200.0
TXN-10958,2023-07-15 19:00:00,Branch A,New York,CUST-1348,Normal,Female,32,Milk,Groceries,4,3,0.0,E-Wallet,3.2,2,12.0,4.0
TXN-10959,2023-10-31 12:00:00,Branch A,New York,CUST-1001,Normal,Male,54,Plant Pot,Home & Garden,3,15,0.05,E-Wallet,4.2,5,42.75,27.75
TXN-10960,2023-06-09 09:00:00,Branch B,Los Angeles,CUST-1679,Normal,Male,42,Sneakers,Clothing,6,80,0.04,Credit Card,4.9,30,460.8,280.8
TXN-10961,2023-11-05 18:00:00,Branch B,Los Angeles,CUST-1965,Normal,Male,24,Sneakers,Clothing,1,80,0.0,Credit Card,3.9,30,80.0,50.0
TXN-10962,2023-06-01 12:00:00,Branch C,Chicago,CUST-1820,Member,Female,61,Office Chair,Home & Garden,5,120,0.06,Credit Card,4.8,60,564.0,264.0
TXN-10963,2023-12-26 09:00:00,Branch C,Chicago,CUST-1298,Normal,Female,37,Tablet,Electronics,8,300,0.0,E-Wallet,3.4,200,2400.0,800.0
TXN-10964,2023-12-27 15:00:00,Branch A,New York,CUST-1753,Normal,Male,39,Jeans,Clothing,4,50,0.05,Credit Card,3.5,20,190.0,110.0
TXN-10965,2023-01-27 11:00:00,Branch A,New York,CUST-1022,Normal,Female,64,Headphones,Electronics,5,100,0.04,Cash,4.7,50,480.0,230.0
TXN-10966,2023-10-08 15:00:00,Branch A,New York,CUST-1540,Member,Female,45,Tool Set,Home & Garden,6,85,0.13,Credit Card,4.3,40,443.7,203.7
TXN-10967,2023-05-25 13:00:00,Branch C,Chicago,CUST-1886,Member,Male,62,Desk Lamp,Home & Garden,3,35,0.08,Credit Card,5.0,15,96.6,51.6
TXN-10968,2023-01-28 20:00:00,Branch C,Chicago,CUST-1148,Normal,Female,47,Jeans,Clothing,8,50,0.0,Credit Card,3.6,20,400.0,240.0
TXN-10969,2023-04-18 12:00:00,Branch C,Chicago,CUST-1151,Member,Male,65,Tablet,Electronics,2,300,0.12,Credit Card,5.0,200,528.0,128.0
TXN-10970,2023-07-12 15:00:00,Branch B,Los Angeles,CUST-1607,Normal,Male,21,Organic Apples,Groceries,10,5,0.0,Cash,3.3,3,50.0,20.0
TXN-10971,2023-08-11 11:00:00,Branch C,Chicago,CUST-1610,Member,Female,33,Laptop,Electronics,4,800,0.09,Credit Card,4.1,600,2912.0,512.0
TXN-10972,2023-03-30 19:00:00,Branch A,New York,CUST-1668,Normal,Female,62,T-Shirt,Clothing,8,25,0.04,Cash,3.6,10,192.0,112.0
TXN-10973,2023-08-16 14:00:00,Branch A,New York,CUST-1521,Normal,Male,25,Organic Apples,Groceries,4,5,0.0,E-Wallet,4.3,3,20.0,8.0
TXN-10974,2023-04-26 09:00:00,Branch A,New York,CUST-1719,Member,Female,35,Laptop,Electronics,3,800,0.09,Credit Card,5.0,600,2184.0,384.0
TXN-10975,2023-08-11 13:00:00,Branch B,Los Angeles,CUST-1717,Member,Male,24,Jacket,Clothing,2,100,0.12,Cash,3.3,40,176.0,96.0
TXN-10976,2023-01-11 15:00:00,Branch C,Chicago,CUST-1184,Normal,Female,22,Smartphone,Electronics,2,600,0.0,Credit Card,4.2,400,1200.0,400.0
TXN-10977,2023-01-03 17:00:00,Branch C,Chicago,CUST-1089,Normal,Female,38,Laptop,Electronics,3,800,0.0,Credit Card,4.3,600,2400.0,600.0
TXN-10978,2023-10-15 13:00:00,Branch A,New York,CUST-1433,Normal,Male,23,Laptop,Electronics,5,800,0.0,Credit Card,4.1,600,4000.0,1000.0
TXN-10979,2023-12-03 09:00:00,Branch A,New York,CUST-1590,Normal,Male,37,Laptop,Electronics,5,800,0.0,Credit Card,3.9,600,4000.0,1000.0
TXN-10980,2023-09-09 20:00:00,Branch A,New York,CUST-1045,Normal,Female,51,Jacket,Clothing,4,100,0.0,Credit Card,4.3,40,400.0,240.0
TXN-10981,2023-05-02 09:00:00,Branch C,Chicago,CUST-1284,Member,Male,27,Milk,Groceries,12,3,0.11,E-Wallet,4.7,2,32.04,8.04
TXN-10982,2023-03-07 20:00:00,Branch A,New York,CUST-1409,Normal,Female,22,Tablet,Electronics,5,300,0.0,E-Wallet,4.8,200,1500.0,500.0
TXN-10983,2023-08-22 10:00:00,Branch C,Chicago,CUST-1648,Member,Female,61,Office Chair,Home & Garden,4,120,0.06,Credit Card,5.0,60,451.2,211.2
TXN-10984,2023-12-23 19:00:00,Branch C,Chicago,CUST-1388,Normal,Male,63,Milk,Groceries,5,3,0.0,Cash,4.6,2,15.0,5.0
TXN-10985,2023-01-14 18:00:00,Branch B,Los Angeles,CUST-1337,Member,Male,22,Plant Pot,Home & Garden,2,15,0.1,Cash,4.9,5,27.0,17.0
TXN-10986,2023-11-24 10:00:00,Branch A,New York,CUST-1386,Normal,Female,39,Tablet,Electronics,3,300,0.03,Credit Card,3.0,200,873.0,273.0
TXN-10987,2023-04-24 15:00:00,Branch A,New York,CUST-1097,Member,Male,25,Jeans,Clothing,5,50,0.11,Cash,5.0,20,222.5,122.5
TXN-10988,2023-09-28 14:00:00,Branch B,Los Angeles,CUST-1353,Normal,Female,53,Bread,Groceries,3,4,0.0,Cash,4.9,2,12.0,6.0
TXN-10989,2023-12-14 17:00:00,Branch A,New York,CUST-1159,Member,Female,48,Smartphone,Electronics,5,600,0.05,Credit Card,4.5,400,2850.0,850.0
TXN-10990,2023-12-03 11:00:00,Branch A,New York,CUST-1379,Member,Male,42,Tablet,Electronics,1,300,0.14,Credit Card,4.8,200,258.0,58.0
TXN-10991,2023-12-29 12:00:00,Branch A,New York,CUST-1479,Normal,Female,63,Headphones,Electronics,3,100,0.0,E-Wallet,3.7,50,300.0,150.0
TXN-10992,2023-09-15 13:00:00,Branch C,Chicago,CUST-1320,Member,Female,45,Jacket,Clothing,2,100,0.14,Credit Card,4.3,40,172.0,92.0
TXN-10993,2023-02-16 19:00:00,Branch A,New York,CUST-1292,Member,Male,22,Milk,Groceries,5,3,0.11,E-Wallet,3.7,2,13.35,3.35
TXN-10994,2023-10-11 16:00:00,Branch B,Los Angeles,CUST-1127,Normal,Male,45,Jeans,Clothing,8,50,0.0,Cash,3.1,20,400.0,240.0
TXN-10995,2023-07-27 09:00:00,Branch C,Chicago,CUST-1973,Member,Male,65,Headphones,Electronics,6,100,0.07,Credit Card,5.0,50,558.0,258.0
TXN-10996,2023-09-28 19:00:00,Branch A,New York,CUST-1536,Normal,Male,56,Headphones,Electronics,3,100,0.0,E-Wallet,4.8,50,300.0,150.0
TXN-10997,2023-04-26 11:00:00,Branch C,Chicago,CUST-1382,Normal,Male,41,Jacket,Clothing,1,100,0.0,Credit Card,3.8,40,100.0,60.0
TXN-10998,2023-02-27 14:00:00,Branch B,Los Angeles,CUST-1755,Normal,Male,52,T-Shirt,Clothing,5,25,0.0,Credit Card,3.6,10,125.0,75.0
TXN-10999,2023-11-20 18:00:00,Branch B,Los Angeles,CUST-1006,Normal,Female,31,Jacket,Clothing,1,100,0.05,Credit Card,4.7,40,95.0,55.0
TXN-11000,2023-11-12 16:00:00,Branch B,Los Angeles,CUST-1363,Normal,Female,37,Jacket,Clothing,2,100,0.0,E-Wallet,4.8,40,200.0,120.0
